match_id,map_number,mode,map_name,away_team,home_team,away_score,home_score,map_winner,game_time_sec,data_source
2026_M1Q1S1_RYD_TX,1,HP,Scar,RYD,TX,154,250,TX,562,YT
2026_M1Q1S1_RYD_TX,2,SND,Den,RYD,TX,4,6,TX,753,YT
2026_M1Q1S1_RYD_TX,3,OVLD,Den,RYD,TX,1,4,TX,603,YT
2026_M1Q1S2_CAR_BOS,1,HP,Colossus,CAR,BOS,153,250,BOS,571,YT
2026_M1Q1S2_CAR_BOS,2,SND,Scar,CAR,BOS,6,5,CAR,646,YT
2026_M1Q1S2_CAR_BOS,3,OVLD,Den,CAR,BOS,2,3,BOS,626,YT
2026_M1Q1S2_CAR_BOS,4,HP,Exposure,CAR,BOS,214,250,BOS,NULL,BP
2026_M1Q1S3_LAT_VGS,1,HP,Den,LAT,VGS,250,225,LAT,667,YT
2026_M1Q1S3_LAT_VGS,2,SND,Scar,LAT,VGS,6,4,LAT,514,YT
2026_M1Q1S3_LAT_VGS,3,OVLD,Exposure,LAT,VGS,5,4,LAT,644,YT
2026_M1Q1S4_TOR_MIA,1,HP,Scar,TOR,MIA,250,85,TOR,473,YT
2026_M1Q1S4_TOR_MIA,2,SND,Scar,TOR,MIA,5,6,MIA,758,YT
2026_M1Q1S4_TOR_MIA,3,OVLD,Exposure,TOR,MIA,8,0,TOR,458,YT
2026_M1Q1S4_TOR_MIA,4,HP,Den,TOR,MIA,199,250,MIA,652,YT
2026_M1Q1S4_TOR_MIA,5,SND,Den,TOR,MIA,6,3,TOR,622,YT
2026_M1Q1S5_VAN_PAR,1,HP,Colossus,VAN,PAR,152,250,PAR,622,YT
2026_M1Q1S5_VAN_PAR,2,SND,Raid,VAN,PAR,3,6,PAR,567,YT
2026_M1Q1S5_VAN_PAR,3,OVLD,Den,VAN,PAR,1,4,PAR,600,YT
2026_M1Q1S6_MIN_NY,1,HP,Colossus,MIN,NY,221,250,NY,698,YT
2026_M1Q1S6_MIN_NY,2,SND,Colossus,MIN,NY,6,2,MIN,535,YT
2026_M1Q1S6_MIN_NY,3,OVLD,Den,MIN,NY,4,1,MIN,600,YT
2026_M1Q1S6_MIN_NY,4,HP,Scar,MIN,NY,225,250,NY,716,YT
2026_M1Q1S6_MIN_NY,5,SND,Scar,MIN,NY,6,3,MIN,622,YT
2026_M1Q1S7_RYD_LAT,1,HP,Scar,RYD,LAT,250,236,RYD,713,YT
2026_M1Q1S7_RYD_LAT,2,SND,Den,RYD,LAT,0,6,LAT,401,YT
2026_M1Q1S7_RYD_LAT,3,OVLD,Den,RYD,LAT,1,5,LAT,614,YT
2026_M1Q1S7_RYD_LAT,4,HP,Exposure,RYD,LAT,207,250,LAT,734,YT
2026_M1Q1S8_PAR_VGS,1,HP,Den,PAR,VGS,250,149,PAR,567,YT
2026_M1Q1S8_PAR_VGS,2,SND,Scar,PAR,VGS,3,6,VGS,635,YT
2026_M1Q1S8_PAR_VGS,3,OVLD,Exposure,PAR,VGS,1,6,VGS,621,YT
2026_M1Q1S8_PAR_VGS,4,HP,Exposure,PAR,VGS,250,130,PAR,535,YT
2026_M1Q1S9_TX_MIN,1,HP,Scar,TX,MIN,197,250,MIN,640,YT
2026_M1Q1S9_TX_MIN,2,SND,Raid,TX,MIN,6,4,TX,725,YT
2026_M1Q1S9_TX_MIN,3,OVLD,Den,TX,MIN,3,0,TX,627,YT
2026_M1Q1S9_TX_MIN,4,HP,Exposure,TX,MIN,250,113,TX,530,YT
2026_M1Q1S10_RYD_CAR,1,HP,Colossus,RYD,CAR,250,166,RYD,602,YT
2026_M1Q1S10_RYD_CAR,2,SND,Scar,RYD,CAR,6,2,RYD,NULL,BP
2026_M1Q1S10_RYD_CAR,3,OVLD,Exposure,RYD,CAR,4,2,RYD,NULL,BP
2026_M1Q1S11_MIN_BOS,1,HP,Colossus,MIN,BOS,250,247,MIN,757,YT
2026_M1Q1S11_MIN_BOS,2,SND,Raid,MIN,BOS,6,1,MIN,360,YT
2026_M1Q1S11_MIN_BOS,3,OVLD,Scar,MIN,BOS,2,4,BOS,600,YT
2026_M1Q1S11_MIN_BOS,4,HP,Colossus,MIN,BOS,250,247,MIN,NULL,YT
2026_M1Q1S11_MIN_BOS,5,SND,Den,MIN,BOS,3,6,BOS,NULL,BP
2026_M1Q1S12_RYD_CAR,1,HP,Colossus,RYD,CAR,250,166,RYD,602,YT
2026_M1Q1S12_RYD_CAR,2,SND,Scar,RYD,CAR,6,2,RYD,NULL,BP
2026_M1Q1S12_RYD_CAR,3,OVLD,Exposure,RYD,CAR,4,2,RYD,609,YT
2026_M1Q1S13_MIN_BOS,1,HP,Colossus,MIN,BOS,250,247,MIN,757,YT
2026_M1Q1S13_MIN_BOS,2,SND,Raid,MIN,BOS,6,1,MIN,360,YT
2026_M1Q1S13_MIN_BOS,3,OVLD,Scar,MIN,BOS,2,4,BOS,NULL,BP
2026_M1Q1S13_MIN_BOS,4,HP,Scar,MIN,BOS,250,145,BOS,580,YT
2026_M1Q1S13_MIN_BOS,5,SND,Den,MIN,BOS,3,6,BOS,700,YT
2026_M1Q1S14_VAN_TOR,1,HP,Colossus,VAN,TOR,111,250,TOR,528,YT
2026_M1Q1S14_VAN_TOR,2,SND,Den,VAN,TOR,5,6,TOR,748,YT
2026_M1Q1S14_VAN_TOR,3,OVLD,Den,VAN,TOR,1,4,TOR,600,YT
2026_M1Q1S15_PAR_LAT,1,HP,Den,PAR,LAT,250,116,PAR,540,YT
2026_M1Q1S15_PAR_LAT,2,SND,Exposure,PAR,LAT,6,3,PAR,457,YT
2026_M1Q1S15_PAR_LAT,3,OVLD,Den,PAR,LAT,8,1,PAR,591,YT
2026_M1Q1S16_TX_MIA,1,HP,Exposure,TX,MIA,188,250,MIA,632,YT
2026_M1Q1S16_TX_MIA,2,SND,Scar,TX,MIA,6,4,TX,625,YT
2026_M1Q1S16_TX_MIA,3,OVLD,Scar,TX,MIA,4,3,TX,614,YT
2026_M1Q1S16_TX_MIA,4,HP,Den,TX,MIA,249,250,MIA,658,YT
2026_M1Q1S16_TX_MIA,5,SND,Raid,TX,MIA,6,4,TX,602,YT
2026_M1Q1S17_VAN_NY,1,HP,Scar,VAN,NY,240,250,NY,775,YT
2026_M1Q1S17_VAN_NY,2,SND,Den,VAN,NY,4,6,NY,519,YT
2026_M1Q1S17_VAN_NY,3,OVLD,Scar,VAN,NY,2,3,NY,690,YT
2026_M1Q1S18_RYD_BOS,1,HP,Exposure,RYD,BOS,233,250,BOS,724,YT
2026_M1Q1S18_RYD_BOS,2,SND,Scar,RYD,BOS,6,1,RYD,441,YT
2026_M1Q1S18_RYD_BOS,3,OVLD,Exposure,RYD,BOS,4,3,RYD,638,YT
2026_M1Q1S18_RYD_BOS,4,HP,Colossus,RYD,BOS,250,233,RYD,725,YT
2026_M1Q1S19_MIA_NY,1,HP,Exposure,MIA,NY,250,154,MIA,621,YT
2026_M1Q1S19_MIA_NY,2,SND,Den,MIA,NY,3,6,NY,554,YT
2026_M1Q1S19_MIA_NY,3,OVLD,Den,MIA,NY,4,1,MIA,619,YT
2026_M1Q1S19_MIA_NY,4,HP,Scar,MIA,NY,165,250,NY,581,YT
2026_M1Q1S19_MIA_NY,5,SND,Scar,MIA,NY,6,3,MIA,655,YT
2026_M1Q1S20_TOR_VGS,1,HP,Exposure,TOR,VGS,250,231,TOR,708,YT
2026_M1Q1S20_TOR_VGS,2,SND,Den,TOR,VGS,5,6,VGS,632,YT
2026_M1Q1S20_TOR_VGS,3,OVLD,Exposure,TOR,VGS,5,4,TOR,604,YT
2026_M1Q1S20_TOR_VGS,4,HP,Colossus,TOR,VGS,72,250,VGS,480,YT
2026_M1Q1S20_TOR_VGS,5,SND,Scar,TOR,VGS,4,6,VGS,645,YT
2026_M1Q1S21_RYD_MIN,1,HP,Colossus,RYD,MIN,234,250,MIN,704,YT
2026_M1Q1S21_RYD_MIN,2,SND,Exposure,RYD,MIN,6,4,RYD,683,YT
2026_M1Q1S21_RYD_MIN,3,OVLD,Den,RYD,MIN,2,1,RYD,627,YT
2026_M1Q1S21_RYD_MIN,4,HP,Den,RYD,MIN,249,250,MIN,698,YT
2026_M1Q1S21_RYD_MIN,5,SND,Colossus,RYD,MIN,6,3,RYD,525,YT
2026_M1Q1S22_MIA_CAR,1,HP,Blackheart,MIA,CAR,250,198,MIA,625,YT
2026_M1Q1S22_MIA_CAR,2,SND,Den,MIA,CAR,3,6,CAR,464,YT
2026_M1Q1S22_MIA_CAR,3,OVLD,Scar,MIA,CAR,3,4,CAR,600,YT
2026_M1Q1S22_MIA_CAR,4,HP,Exposure,CAR,MIA,250,216,CAR,751,YT