match_id,map_number,mode,map_name,team,opponent,player_slot,player_name,map_winner,kills,deaths,assists,non_traded_kills,highest_streak,damage,hill_time_sec,avg_hill_time_sec,obj_kills,contested_hill_time_sec,kills_per_hill,dmg_per_hill,data_source,is_lan
2026_M1Q1S1_RYD_TX,1,HP,Scar,RYD,TX,1,CELLIUM,TX,24,23,8.0,17.0,4.0,3109,10,1,3.0,3,2.66,336.11,YT,0
2026_M1Q1S1_RYD_TX,1,HP,Scar,RYD,TX,2,PRED,TX,18,23,11.0,16.0,5.0,2865,39,4,4.0,9,2.0,307.55,YT,0
2026_M1Q1S1_RYD_TX,1,HP,Scar,RYD,TX,3,EXNID,TX,17,24,4.0,14.0,4.0,2143,73,8,4.0,2,1.88,238.11,YT,0
2026_M1Q1S1_RYD_TX,1,HP,Scar,RYD,TX,4,KISMET,TX,20,23,5.0,14.0,3.0,2861,46,5,6.0,10,2.22,314.88,YT,0
2026_M1Q1S1_RYD_TX,1,HP,Scar,TX,RYD,5,HUKE,TX,18,21,7.0,14.0,3.0,2617,17,1,2.0,0,2.0,290.77,YT,0
2026_M1Q1S1_RYD_TX,1,HP,Scar,TX,RYD,6,SHOTZZY,TX,25,22,8.0,21.0,7.0,3106,92,9,11.0,11,2.66,340.22,YT,0
2026_M1Q1S1_RYD_TX,1,HP,Scar,TX,RYD,7,MERCULES,TX,26,18,7.0,22.0,5.0,3059,51,5,6.0,7,2.66,311.44,YT,0
2026_M1Q1S1_RYD_TX,1,HP,Scar,TX,RYD,8,DASHY,TX,24,18,10.0,17.0,4.0,3467,106,11,10.0,5,2.44,363.0,YT,0
2026_M1Q1S2_CAR_BOS,1,HP,Colossus,CAR,BOS,1,CRAZE,BOS,24,22,8.0,15.0,4.0,3094,47,5,10.0,3,2.55,326.88,YT,0
2026_M1Q1S2_CAR_BOS,1,HP,Colossus,CAR,BOS,2,LURQXX,BOS,26,24,7.0,18.0,4.0,3198,30,3,5.0,15,2.77,344.0,YT,0
2026_M1Q1S2_CAR_BOS,1,HP,Colossus,CAR,BOS,3,NERO,BOS,21,26,8.0,8.0,3.0,3046,85,9,11.0,9,2.33,335.0,YT,0
2026_M1Q1S2_CAR_BOS,1,HP,Colossus,CAR,BOS,4,SLASHER,BOS,21,23,9.0,12.0,3.0,2961,31,3,7.0,2,2.22,315.55,YT,0
2026_M1Q1S2_CAR_BOS,1,HP,Colossus,BOS,CAR,5,PURJ,BOS,17,22,13.0,12.0,4.0,2881,66,7,6.0,15,1.66,284.44,YT,0
2026_M1Q1S2_CAR_BOS,1,HP,Colossus,BOS,CAR,6,CAMMY,BOS,30,24,12.0,22.0,5.0,3834,96,10,17.0,2,3.33,415.55,YT,0
2026_M1Q1S2_CAR_BOS,1,HP,Colossus,BOS,CAR,7,SNOOPY,BOS,20,27,10.0,12.0,5.0,2526,86,9,8.0,8,2.0,258.44,YT,0
2026_M1Q1S2_CAR_BOS,1,HP,Colossus,BOS,CAR,8,NASTIE,BOS,28,19,9.0,24.0,5.0,3405,105,9,13.0,8,2.77,358.44,YT,0
2026_M1Q1S2_CAR_BOS,4,HP,Exposure,CAR,BOS,1,CRAZE,BOS,29,25,,,,3768,44,,,,,,BP,0
2026_M1Q1S2_CAR_BOS,4,HP,Exposure,CAR,BOS,2,LURQXX,BOS,31,28,,,,3439,41,,,,,,BP,0
2026_M1Q1S2_CAR_BOS,4,HP,Exposure,CAR,BOS,3,NERO,BOS,24,25,,,,3104,83,,,,,,BP,0
2026_M1Q1S2_CAR_BOS,4,HP,Exposure,CAR,BOS,4,SLASHER,BOS,16,23,,,,2374,74,,,,,,BP,0
2026_M1Q1S2_CAR_BOS,4,HP,Exposure,BOS,CAR,5,CAMMY,BOS,23,26,,,,3658,73,,,,,,BP,0
2026_M1Q1S2_CAR_BOS,4,HP,Exposure,BOS,CAR,6,NASTIE,BOS,26,19,,,,3076,98,,,,,,BP,0
2026_M1Q1S2_CAR_BOS,4,HP,Exposure,BOS,CAR,7,PURJ,BOS,25,28,,,,3239,49,,,,,,BP,0
2026_M1Q1S2_CAR_BOS,4,HP,Exposure,BOS,CAR,8,SNOOPY,BOS,27,27,,,,3245,95,,,,,,BP,0
2026_M1Q1S3_LAT_VGS,1,HP,Den,LAT,VGS,1,SCRAP,LAT,23,25,18.0,16.0,5.0,3635,93,8,11.0,6,2.2,329.9,YT,0
2026_M1Q1S3_LAT_VGS,1,HP,Den,LAT,VGS,2,KENNY,LAT,27,29,11.0,19.0,3.0,3464,42,4,7.0,5,2.3,309.7,YT,0
2026_M1Q1S3_LAT_VGS,1,HP,Den,LAT,VGS,3,ABEZY,LAT,31,21,10.0,24.0,11.0,3246,102,8,13.0,11,2.8,288.2,YT,0
2026_M1Q1S3_LAT_VGS,1,HP,Den,LAT,VGS,4,HYDRA,LAT,28,32,10.0,14.0,6.0,3576,44,4,10.0,6,2.5,330.5,YT,0
2026_M1Q1S3_LAT_VGS,1,HP,Den,VGS,LAT,5,SIMP,LAT,36,26,8.0,26.0,5.0,4409,112,10,16.0,9,3.2,388.2,YT,0
2026_M1Q1S3_LAT_VGS,1,HP,Den,VGS,LAT,6,04,LAT,24,28,10.0,17.0,4.0,3166,44,4,3.0,2,2.3,308.6,YT,0
2026_M1Q1S3_LAT_VGS,1,HP,Den,VGS,LAT,7,DRAZAH,LAT,19,30,12.0,8.0,2.0,2289,37,3,6.0,8,1.8,213.4,YT,0
2026_M1Q1S3_LAT_VGS,1,HP,Den,VGS,LAT,8,ABUZAH,LAT,28,25,9.0,18.0,4.0,3809,82,6,14.0,8,2.5,338.5,YT,0
2026_M1Q1S4_TOR_MIA,1,HP,Scar,TOR,MIA,1,REEAL,TOR,23,15,8.0,18.0,3.0,2942,86,12,10.0,5,2.71,360.14,YT,0
2026_M1Q1S4_TOR_MIA,1,HP,Scar,TOR,MIA,2,JOEDECEIVES,TOR,19,17,9.0,11.0,3.0,2599,41,4,4.0,2,2.57,349.28,YT,0
2026_M1Q1S4_TOR_MIA,1,HP,Scar,TOR,MIA,3,INSIGHT,TOR,19,12,2.0,17.0,5.0,2051,98,12,7.0,5,2.57,278.71,YT,0
2026_M1Q1S4_TOR_MIA,1,HP,Scar,TOR,MIA,4,CLEANX,TOR,25,20,8.0,20.0,7.0,2929,34,4,4.0,1,2.85,354.71,YT,0
2026_M1Q1S4_TOR_MIA,1,HP,Scar,MIA,TOR,5,TRAIX,TOR,11,22,7.0,6.0,3.0,1722,11,1,4.0,5,1.57,221.71,YT,0
2026_M1Q1S4_TOR_MIA,1,HP,Scar,MIA,TOR,6,RENKOR,TOR,19,20,3.0,12.0,4.0,2223,47,6,9.0,1,2.42,282.0,YT,0
2026_M1Q1S4_TOR_MIA,1,HP,Scar,MIA,TOR,7,SUPER,TOR,17,21,7.0,10.0,3.0,2240,2,0,1.0,0,2.14,293.0,YT,0
2026_M1Q1S4_TOR_MIA,1,HP,Scar,MIA,TOR,8,METTALZ,TOR,17,23,6.0,13.0,3.0,2553,28,4,4.0,5,2.28,321.42,YT,0
2026_M1Q1S4_TOR_MIA,4,HP,Den,TOR,MIA,1,REEAL,MIA,17,22,11.0,16.0,6.0,2712,44,4,3.0,26,1.7,263.9,YT,0
2026_M1Q1S4_TOR_MIA,4,HP,Den,TOR,MIA,2,JOEDECEIVES,MIA,25,28,9.0,15.0,5.0,3571,56,5,8.0,32,2.3,357.1,YT,0
2026_M1Q1S4_TOR_MIA,4,HP,Den,TOR,MIA,3,INSIGHT,MIA,22,17,4.0,19.0,6.0,2511,73,7,8.0,3,2.09,227.4,YT,0
2026_M1Q1S4_TOR_MIA,4,HP,Den,TOR,MIA,4,CLEANX,MIA,19,31,8.0,5.0,2.0,3092,72,7,9.0,-6,1.7,289.2,YT,0
2026_M1Q1S4_TOR_MIA,4,HP,Den,MIA,TOR,5,RENKOR,MIA,22,17,8.0,17.0,5.0,3123,72,7,8.0,10,2.0,292.0,YT,0
2026_M1Q1S4_TOR_MIA,4,HP,Den,MIA,TOR,6,TRAIX,MIA,25,20,6.0,16.0,5.0,3467,82,7,7.0,17,2.3,323.2,YT,0
2026_M1Q1S4_TOR_MIA,4,HP,Den,MIA,TOR,7,SUPER,MIA,21,20,9.0,17.0,6.0,2776,97,8,9.0,27,1.9,248.8,YT,0
2026_M1Q1S4_TOR_MIA,4,HP,Den,MIA,TOR,8,METTALZ,MIA,30,26,7.0,20.0,5.0,3964,75,7,12.0,24,2.6,354.7,YT,0
2026_M1Q1S5_VAN_PAR,1,HP,Colossus,VAN,PAR,1,ABE,PAR,24,30,15.0,18.0,3.0,3739,43,4,6.0,8,2.4,373.9,YT,0
2026_M1Q1S5_VAN_PAR,1,HP,Colossus,VAN,PAR,2,LUNARZ,PAR,20,29,15.0,10.0,3.0,3517,28,2,9.0,5,1.9,342.7,YT,0
2026_M1Q1S5_VAN_PAR,1,HP,Colossus,VAN,PAR,3,GWINN,PAR,36,30,4.0,22.0,7.0,4038,54,5,19.0,17,3.6,403.8,YT,0
2026_M1Q1S5_VAN_PAR,1,HP,Colossus,VAN,PAR,4,LQGEND,PAR,25,27,11.0,16.0,3.0,2779,51,5,7.0,18,2.5,270.6,YT,0
2026_M1Q1S5_VAN_PAR,1,HP,Colossus,PAR,VAN,5,ENVOY,PAR,23,30,12.0,15.0,3.0,2966,75,7,6.0,9,2.09,285.0,YT,0
2026_M1Q1S5_VAN_PAR,1,HP,Colossus,PAR,VAN,6,NEPTUNE,PAR,30,26,13.0,21.0,6.0,3888,69,6,9.0,12,2.9,378.8,YT,0
2026_M1Q1S5_VAN_PAR,1,HP,Colossus,PAR,VAN,7,SIB,PAR,33,28,8.0,23.0,5.0,4095,75,7,16.0,22,3.2,399.5,YT,0
2026_M1Q1S5_VAN_PAR,1,HP,Colossus,PAR,VAN,8,GHOSTY,PAR,30,22,17.0,20.0,8.0,4178,73,7,10.0,16,2.9,417.8,YT,0
2026_M1Q1S6_MIN_NY,1,HP,Colossus,MIN,NY,1,MAMBA,NY,21,34,20.0,13.0,4.0,3382,62,5,9.0,6,1.81,298.36,YT,0
2026_M1Q1S6_MIN_NY,1,HP,Colossus,MIN,NY,2,SKYZ,NY,20,29,11.0,12.0,3.0,3361,47,4,8.0,1,1.72,290.72,YT,0
2026_M1Q1S6_MIN_NY,1,HP,Colossus,MIN,NY,3,ESTREAL,NY,38,30,7.0,26.0,5.0,4293,70,6,13.0,8,3.18,372.36,YT,0
2026_M1Q1S6_MIN_NY,1,HP,Colossus,MIN,NY,4,KREMP,NY,35,33,13.0,23.0,4.0,4178,96,8,11.0,6,3.0,354.54,YT,0
2026_M1Q1S6_MIN_NY,1,HP,Colossus,NY,MIN,5,VIVID,NY,31,26,10.0,21.0,7.0,3920,84,7,15.0,3,2.81,342.45,YT,0
2026_M1Q1S6_MIN_NY,1,HP,Colossus,NY,MIN,6,MACK,NY,35,29,13.0,23.0,5.0,4251,69,5,11.0,12,2.9,363.0,YT,0
2026_M1Q1S6_MIN_NY,1,HP,Colossus,NY,MIN,7,AFRO,NY,31,32,16.0,20.0,3.0,4451,44,3,6.0,1,2.72,381.81,YT,0
2026_M1Q1S6_MIN_NY,1,HP,Colossus,NY,MIN,8,BEANS,NY,29,27,16.0,21.0,6.0,3935,107,8,13.0,5,2.36,339.0,YT,0
2026_M1Q1S6_MIN_NY,4,HP,Scar,MIN,NY,1,MAMBA,NY,29,34,14.0,20.0,3.0,3712,44,2,7.0,10,2.45,317.36,YT,0
2026_M1Q1S6_MIN_NY,4,HP,Scar,MIN,NY,2,SKYZ,NY,26,30,16.0,15.0,2.0,3909,20,1,5.0,7,2.09,323.09,YT,0
2026_M1Q1S6_MIN_NY,4,HP,Scar,MIN,NY,3,ESTREAL,NY,35,29,8.0,24.0,6.0,4234,55,5,9.0,7,3.0,359.09,YT,0
2026_M1Q1S6_MIN_NY,4,HP,Scar,MIN,NY,4,KREMP,NY,29,34,10.0,20.0,4.0,3219,132,9,14.0,10,2.36,258.18,YT,0
2026_M1Q1S6_MIN_NY,4,HP,Scar,NY,MIN,5,VIVID,NY,31,31,15.0,23.0,4.0,4782,20,1,5.0,0,2.54,398.72,YT,0
2026_M1Q1S6_MIN_NY,4,HP,Scar,NY,MIN,6,MACK,NY,26,31,5.0,17.0,4.0,3177,100,9,7.0,6,2.18,261.0,YT,0
2026_M1Q1S6_MIN_NY,4,HP,Scar,NY,MIN,7,AFRO,NY,43,27,6.0,33.0,5.0,4276,88,7,16.0,17,3.72,376.09,YT,0
2026_M1Q1S6_MIN_NY,4,HP,Scar,NY,MIN,8,BEANS,NY,27,30,11.0,17.0,5.0,3976,48,4,10.0,13,2.36,344.18,YT,0
2026_M1Q1S7_RYD_LAT,1,HP,Scar,RYD,LAT,1,CELLIUM,RYD,27,25,7.0,21.0,3.0,3154,115,9,8.0,18,2.18,259.27,YT,0
2026_M1Q1S7_RYD_LAT,1,HP,Scar,RYD,LAT,2,PRED,RYD,35,24,10.0,26.0,4.0,4291,61,5,6.0,7,3.18,386.81,YT,0
2026_M1Q1S7_RYD_LAT,1,HP,Scar,RYD,LAT,3,EXNID,RYD,39,30,6.0,28.0,6.0,3881,46,2,9.0,12,3.27,325.54,YT,0
2026_M1Q1S7_RYD_LAT,1,HP,Scar,RYD,LAT,4,KISMET,RYD,23,28,16.0,18.0,4.0,3968,53,3,5.0,8,1.72,324.27,YT,0
2026_M1Q1S7_RYD_LAT,1,HP,Scar,LAT,RYD,5,SCRAP,RYD,36,34,7.0,22.0,4.0,4939,10,0,7.0,13,3.18,430.36,YT,0
2026_M1Q1S7_RYD_LAT,1,HP,Scar,LAT,RYD,6,KENNY,RYD,28,26,8.0,23.0,7.0,3893,98,7,3.0,5,2.54,339.45,YT,0
2026_M1Q1S7_RYD_LAT,1,HP,Scar,LAT,RYD,7,ABEZY,RYD,24,30,5.0,16.0,4.0,3204,83,7,6.0,26,2.09,274.63,YT,0
2026_M1Q1S7_RYD_LAT,1,HP,Scar,LAT,RYD,8,HYDRA,RYD,19,34,7.0,10.0,4.0,2899,57,5,6.0,4,1.63,257.36,YT,0
2026_M1Q1S7_RYD_LAT,4,HP,Exposure,RYD,LAT,1,CELLIUM,LAT,30,25,6.0,22.0,6.0,3763,66,5,10.0,8,2.5,313.58,YT,0
2026_M1Q1S7_RYD_LAT,4,HP,Exposure,RYD,LAT,2,PRED,LAT,28,27,10.0,19.0,4.0,3967,39,3,3.0,0,2.33,330.58,YT,0
2026_M1Q1S7_RYD_LAT,4,HP,Exposure,RYD,LAT,3,EXNID,LAT,23,30,5.0,14.0,3.0,3318,77,6,6.0,16,1.91,270.0,YT,0
2026_M1Q1S7_RYD_LAT,4,HP,Exposure,RYD,LAT,4,KISMET,LAT,20,30,11.0,16.0,4.0,3027,83,6,6.0,11,1.66,247.33,YT,0
2026_M1Q1S7_RYD_LAT,4,HP,Exposure,LAT,RYD,5,SCRAP,LAT,29,26,16.0,23.0,5.0,4195,94,7,12.0,9,2.33,341.25,YT,0
2026_M1Q1S7_RYD_LAT,4,HP,Exposure,LAT,RYD,6,KENNY,LAT,27,27,14.0,18.0,4.0,3609,68,5,9.0,5,2.25,300.75,YT,0
2026_M1Q1S7_RYD_LAT,4,HP,Exposure,LAT,RYD,7,ABEZY,LAT,26,23,10.0,20.0,4.0,3186,99,8,10.0,9,2.08,257.16,YT,0
2026_M1Q1S7_RYD_LAT,4,HP,Exposure,LAT,RYD,8,HYDRA,LAT,30,25,5.0,17.0,3.0,3698,39,3,7.0,12,2.5,308.16,YT,0
2026_M1Q1S8_PAR_VGS,1,HP,Den,PAR,VGS,1,ENVOY,PAR,25,23,11.0,18.0,5.0,3176,60,6,8.0,11,2.55,342.33,YT,0
2026_M1Q1S8_PAR_VGS,1,HP,Den,PAR,VGS,2,NEPTUNE,PAR,27,19,14.0,18.0,4.0,3587,80,8,11.0,11,2.88,384.55,YT,0
2026_M1Q1S8_PAR_VGS,1,HP,Den,PAR,VGS,3,SIB,PAR,21,24,13.0,12.0,3.0,3050,34,3,6.0,2,2.22,318.44,YT,0
2026_M1Q1S8_PAR_VGS,1,HP,Den,PAR,VGS,4,GHOSTY,PAR,23,17,11.0,17.0,4.0,2672,133,14,15.0,10,2.11,255.33,YT,0
2026_M1Q1S8_PAR_VGS,1,HP,Den,VGS,PAR,5,SIMP,PAR,25,20,5.0,17.0,5.0,2920,60,6,10.0,14,2.77,324.44,YT,0
2026_M1Q1S8_PAR_VGS,1,HP,Den,VGS,PAR,6,04,PAR,20,29,9.0,11.0,3.0,2853,22,2,6.0,9,2.22,296.66,YT,0
2026_M1Q1S8_PAR_VGS,1,HP,Den,VGS,PAR,7,DRAZAH,PAR,22,22,9.0,15.0,3.0,2672,29,3,11.0,3,2.22,278.66,YT,0
2026_M1Q1S8_PAR_VGS,1,HP,Den,VGS,PAR,8,ABUZAH,PAR,16,25,14.0,9.0,4.0,2908,57,6,6.0,7,1.66,313.11,YT,0
2026_M1Q1S8_PAR_VGS,4,HP,Exposure,PAR,VGS,1,ENVOY,PAR,26,14,6.0,17.0,6.0,3351,14,1,9.0,3,3.12,406.37,YT,0
2026_M1Q1S8_PAR_VGS,4,HP,Exposure,PAR,VGS,2,NEPTUNE,PAR,24,17,6.0,17.0,4.0,2527,51,5,5.0,8,2.25,253.62,YT,0
2026_M1Q1S8_PAR_VGS,4,HP,Exposure,PAR,VGS,3,SIB,PAR,16,18,9.0,10.0,3.0,2526,124,10,10.0,5,1.62,268.87,YT,0
2026_M1Q1S8_PAR_VGS,4,HP,Exposure,PAR,VGS,4,GHOSTY,PAR,23,17,7.0,20.0,4.0,3079,125,13,15.0,6,2.62,340.37,YT,0
2026_M1Q1S8_PAR_VGS,4,HP,Exposure,VGS,PAR,5,SIMP,PAR,16,20,14.0,11.0,4.0,2788,56,7,5.0,5,1.87,322.25,YT,0
2026_M1Q1S8_PAR_VGS,4,HP,Exposure,VGS,PAR,6,04,PAR,27,23,5.0,20.0,4.0,2845,48,6,16.0,6,3.25,342.37,YT,0
2026_M1Q1S8_PAR_VGS,4,HP,Exposure,VGS,PAR,7,DRAZAH,PAR,9,25,5.0,8.0,2.0,1905,13,1,5.0,2,1.12,219.12,YT,0
2026_M1Q1S8_PAR_VGS,4,HP,Exposure,VGS,PAR,8,ABUZAH,PAR,13,21,12.0,8.0,3.0,2463,28,3,6.0,6,1.5,288.12,YT,0
2026_M1Q1S9_TX_MIN,1,HP,Scar,TX,MIN,1,HUKE,MIN,21,30,9.0,14.0,3.0,3186,33,3,5.0,3,2.0,291.79,YT,0
2026_M1Q1S9_TX_MIN,1,HP,Scar,TX,MIN,2,SHOTZZY,MIN,19,31,7.0,12.0,4.0,2630,32,3,8.0,4,1.7,242.9,YT,0
2026_M1Q1S9_TX_MIN,1,HP,Scar,TX,MIN,3,MERCULES,MIN,25,30,10.0,15.0,5.0,3018,73,7,10.0,4,2.4,296.1,YT,0
2026_M1Q1S9_TX_MIN,1,HP,Scar,TX,MIN,4,DASHY,MIN,26,29,10.0,19.0,3.0,3894,69,6,10.0,5,2.6,372.5,YT,0
2026_M1Q1S9_TX_MIN,1,HP,Scar,MIN,TX,5,MAMBA,MIN,34,24,9.0,25.0,6.0,4433,20,2,5.0,3,3.3,425.7,YT,0
2026_M1Q1S9_TX_MIN,1,HP,Scar,MIN,TX,6,SKYZ,MIN,30,20,12.0,26.0,4.0,3409,92,9,9.0,4,3.0,332.9,YT,0
2026_M1Q1S9_TX_MIN,1,HP,Scar,MIN,TX,7,ESTREAL,MIN,23,21,10.0,16.0,3.0,2832,89,8,8.0,5,2.09,263.1,YT,0
2026_M1Q1S9_TX_MIN,1,HP,Scar,MIN,TX,8,KREMP,MIN,33,26,11.0,28.0,4.0,4013,58,4,11.0,4,2.9,366.5,YT,0
2026_M1Q1S9_TX_MIN,4,HP,Exposure,TX,MIN,1,HUKE,TX,23,17,10.0,14.0,3.0,2859,43,4,2.0,6,2.75,328.62,YT,0
2026_M1Q1S9_TX_MIN,4,HP,Exposure,TX,MIN,2,SHOTZZY,TX,19,15,12.0,15.0,3.0,2437,105,12,7.0,6,2.12,269.87,YT,0
2026_M1Q1S9_TX_MIN,4,HP,Exposure,TX,MIN,3,MERCULES,TX,21,16,13.0,17.0,5.0,3092,65,7,7.0,3,2.12,334.5,YT,0
2026_M1Q1S9_TX_MIN,4,HP,Exposure,TX,MIN,4,DASHY,TX,27,13,5.0,23.0,7.0,2872,96,12,11.0,9,3.12,353.37,YT,0
2026_M1Q1S9_TX_MIN,4,HP,Exposure,MIN,TX,5,MAMBA,TX,14,23,5.0,9.0,3.0,1876,33,2,2.0,1,1.75,234.5,YT,0
2026_M1Q1S9_TX_MIN,4,HP,Exposure,MIN,TX,6,SKYZ,TX,10,25,5.0,3.0,2.0,2199,48,5,2.0,8,1.25,262.87,YT,0
2026_M1Q1S9_TX_MIN,4,HP,Exposure,MIN,TX,7,ESTREAL,TX,20,19,6.0,13.0,3.0,2694,52,4,6.0,11,2.12,289.5,YT,0
2026_M1Q1S9_TX_MIN,4,HP,Exposure,MIN,TX,8,KREMP,TX,17,23,5.0,6.0,4.0,2040,17,0,4.0,4,2.0,239.87,YT,0
2026_M1Q1S10_RYD_CAR,1,HP,Colossus,RYD,CAR,1,CELLIUM,RYD,33,19,4.0,26.0,4.0,3492,116,11,14.0,8,3.22,328.11,YT,0
2026_M1Q1S10_RYD_CAR,1,HP,Colossus,RYD,CAR,2,PRED,RYD,21,24,7.0,16.0,4.0,2969,42,4,11.0,10,2.11,302.44,YT,0
2026_M1Q1S10_RYD_CAR,1,HP,Colossus,RYD,CAR,3,EXNID,RYD,24,26,8.0,16.0,6.0,3040,77,8,11.0,7,2.44,300.77,YT,0
2026_M1Q1S10_RYD_CAR,1,HP,Colossus,RYD,CAR,4,KISMET,RYD,27,21,10.0,21.0,4.0,3403,46,4,4.0,4,2.55,338.55,YT,0
2026_M1Q1S10_RYD_CAR,1,HP,Colossus,CAR,RYD,5,SLASHER,RYD,20,20,13.0,15.0,4.0,3154,58,4,8.0,6,2.11,323.0,YT,0
2026_M1Q1S10_RYD_CAR,1,HP,Colossus,CAR,RYD,6,NERO,RYD,29,30,8.0,15.0,3.0,3801,49,3,7.0,7,3.0,411.22,YT,0
2026_M1Q1S10_RYD_CAR,1,HP,Colossus,CAR,RYD,7,CRAZE,RYD,19,25,9.0,13.0,4.0,2388,69,7,7.0,7,1.88,228.88,YT,0
2026_M1Q1S10_RYD_CAR,1,HP,Colossus,CAR,RYD,8,LURQXX,RYD,22,30,5.0,14.0,2.0,3568,37,4,5.0,8,2.11,347.55,YT,0
2026_M1Q1S11_MIN_BOS,1,HP,Colossus,MIN,BOS,1,MAMBA,MIN,36,32,8.0,26.0,3.0,4520,28,2,9.0,9,2.83,360.75,YT,0
2026_M1Q1S11_MIN_BOS,1,HP,Colossus,MIN,BOS,2,SKYZ,MIN,29,27,17.0,23.0,7.0,4176,107,8,16.0,8,2.33,342.33,YT,0
2026_M1Q1S11_MIN_BOS,1,HP,Colossus,MIN,BOS,3,ESTREAL,MIN,32,30,14.0,22.0,6.0,4178,94,7,14.0,27,2.58,333.83,YT,0
2026_M1Q1S11_MIN_BOS,1,HP,Colossus,MIN,BOS,4,KREMP,MIN,31,30,13.0,20.0,4.0,4203,76,6,11.0,10,2.33,323.08,YT,0
2026_M1Q1S11_MIN_BOS,1,HP,Colossus,BOS,MIN,5,PURJ,MIN,30,34,13.0,22.0,5.0,4180,53,4,12.0,17,2.5,339.66,YT,0
2026_M1Q1S11_MIN_BOS,1,HP,Colossus,BOS,MIN,6,CAMMY,MIN,26,35,12.0,12.0,2.0,3473,101,8,14.0,9,2.08,274.25,YT,0
2026_M1Q1S11_MIN_BOS,1,HP,Colossus,BOS,MIN,7,SNOOPY,MIN,34,30,13.0,22.0,7.0,4055,78,6,10.0,20,2.58,319.41,YT,0
2026_M1Q1S11_MIN_BOS,1,HP,Colossus,BOS,MIN,8,NASTIE,MIN,29,29,15.0,21.0,4.0,3844,98,7,13.0,6,2.25,303.66,YT,0
2026_M1Q1S11_MIN_BOS,4,HP,Scar,MIN,BOS,1,PURJ,BOS,28,23,14.0,16.0,4.0,3838,94,10,13.0,8,3.0,413.66,YT,0
2026_M1Q1S11_MIN_BOS,4,HP,Scar,MIN,BOS,2,CAMMY,BOS,29,25,9.0,18.0,5.0,3582,79,6,13.0,9,2.88,364.66,YT,0
2026_M1Q1S11_MIN_BOS,4,HP,Scar,MIN,BOS,3,SNOOPY,BOS,19,21,9.0,13.0,3.0,2388,56,6,3.0,8,1.88,243.11,YT,0
2026_M1Q1S11_MIN_BOS,4,HP,Scar,MIN,BOS,4,NASTIE,BOS,35,23,12.0,24.0,5.0,3872,31,3,7.0,2,3.66,402.0,YT,0
2026_M1Q1S11_MIN_BOS,4,HP,Scar,BOS,MIN,5,SKYZ,BOS,23,29,12.0,12.0,4.0,3154,24,2,7.0,5,2.44,328.88,YT,0
2026_M1Q1S11_MIN_BOS,4,HP,Scar,BOS,MIN,6,ESTREAL,BOS,17,28,9.0,10.0,2.0,2660,38,3,7.0,9,1.88,287.44,YT,0
2026_M1Q1S11_MIN_BOS,4,HP,Scar,BOS,MIN,7,KREMP,BOS,30,26,11.0,16.0,7.0,3423,75,8,13.0,14,3.33,370.22,YT,0
2026_M1Q1S11_MIN_BOS,4,HP,Scar,BOS,MIN,8,MAMBA,BOS,22,28,,,,3005,,,,,,,BP,0
2026_M1Q1S12_VAN_TOR,1,HP,Colossus,VAN,TOR,1,LQGEND,TOR,20,28,6.0,14.0,3.0,2519,22,2,10.0,11,2.12,284.5,YT,0
2026_M1Q1S12_VAN_TOR,1,HP,Colossus,VAN,TOR,2,ABE,TOR,18,25,7.0,9.0,2.0,2886,32,3,8.0,7,1.87,312.62,YT,0
2026_M1Q1S12_VAN_TOR,1,HP,Colossus,VAN,TOR,3,LUNARZ,TOR,17,28,9.0,8.0,2.0,2521,26,2,7.0,6,2.0,287.62,YT,0
2026_M1Q1S12_VAN_TOR,1,HP,Colossus,VAN,TOR,4,GWINN,TOR,23,27,5.0,15.0,5.0,2847,59,7,13.0,5,2.87,352.62,YT,0
2026_M1Q1S12_VAN_TOR,1,HP,Colossus,TOR,VAN,5,JOEDECEIVES,TOR,34,19,12.0,21.0,6.0,4005,78,9,12.0,14,4.12,471.87,YT,0
2026_M1Q1S12_VAN_TOR,1,HP,Colossus,TOR,VAN,6,REEAL,TOR,25,20,6.0,19.0,5.0,2790,58,7,10.0,3,2.62,307.12,YT,0
2026_M1Q1S12_VAN_TOR,1,HP,Colossus,TOR,VAN,7,INSIGHT,TOR,22,19,6.0,19.0,4.0,3071,123,14,9.0,11,2.25,341.5,YT,0
2026_M1Q1S12_VAN_TOR,1,HP,Colossus,TOR,VAN,8,CLEANX,TOR,27,20,13.0,21.0,5.0,3331,60,6,9.0,7,3.0,375.12,YT,0
2026_M1Q1S13_PAR_LAT,1,HP,Den,PAR,LAT,1,ENVOY,PAR,19,26,14.0,12.0,3.0,2750,66,7,8.0,6,2.11,305.55,YT,0
2026_M1Q1S13_PAR_LAT,1,HP,Den,PAR,LAT,2,NEPTUNE,PAR,22,19,14.0,16.0,3.0,2518,78,8,5.0,10,2.44,279.77,YT,0
2026_M1Q1S13_PAR_LAT,1,HP,Den,PAR,LAT,3,SIB,PAR,23,23,13.0,11.0,3.0,3183,67,7,9.0,5,2.55,353.66,YT,0
2026_M1Q1S13_PAR_LAT,1,HP,Den,PAR,LAT,4,GHOSTY,PAR,38,13,6.0,34.0,7.0,3415,116,12,19.0,8,4.22,379.44,YT,0
2026_M1Q1S13_PAR_LAT,1,HP,Den,LAT,PAR,5,SCRAP,PAR,28,24,6.0,18.0,3.0,3675,24,2,10.0,5,3.11,408.33,YT,0
2026_M1Q1S13_PAR_LAT,1,HP,Den,LAT,PAR,6,KENNY,PAR,19,26,14.0,12.0,3.0,2863,64,7,12.0,6,2.11,318.11,YT,0
2026_M1Q1S13_PAR_LAT,1,HP,Den,LAT,PAR,7,ABEZY,PAR,18,27,11.0,12.0,2.0,2430,20,2,7.0,4,2.0,270.0,YT,0
2026_M1Q1S13_PAR_LAT,1,HP,Den,LAT,PAR,8,HYDRA,PAR,16,25,11.0,8.0,7.0,2234,21,2,5.0,7,1.77,248.22,YT,0
2026_M1Q1S14_TX_MIA,1,HP,Exposure,TX,MIA,1,HUKE,MIA,19,27,6.0,10.0,3.0,2691,16,1,6.0,2,1.9,263.9,YT,0
2026_M1Q1S14_TX_MIA,1,HP,Exposure,TX,MIA,2,SHOTZZY,MIA,20,31,7.0,12.0,4.0,2802,21,2,9.0,7,2.0,274.29,YT,0
2026_M1Q1S14_TX_MIA,1,HP,Exposure,TX,MIA,3,MERCULES,MIA,21,21,10.0,17.0,5.0,2837,98,9,9.0,10,2.0,283.7,YT,0
2026_M1Q1S14_TX_MIA,1,HP,Exposure,TX,MIA,4,DASHY,MIA,24,25,12.0,18.0,7.0,3196,80,8,9.0,5,2.3,307.5,YT,0
2026_M1Q1S14_TX_MIA,1,HP,Exposure,MIA,TX,5,TRAIX,MIA,15,25,12.0,12.0,2.0,2403,83,7,4.0,7,1.5,233.9,YT,0
2026_M1Q1S14_TX_MIA,1,HP,Exposure,MIA,TX,6,RENKOR,MIA,36,19,7.0,29.0,7.0,4112,72,7,12.0,7,3.4,387.0,YT,0
2026_M1Q1S14_TX_MIA,1,HP,Exposure,MIA,TX,7,SUPER,MIA,30,19,7.0,21.0,5.0,3665,68,6,15.0,5,2.6,334.9,YT,0
2026_M1Q1S14_TX_MIA,1,HP,Exposure,MIA,TX,8,METTALZ,MIA,23,21,8.0,18.0,5.0,3119,64,6,6.0,8,2.3,311.9,YT,0
2026_M1Q1S14_TX_MIA,4,HP,Den,TX,MIA,1,HUKE,MIA,22,22,7.0,19.0,3.0,2822,90,9,9.0,6,2.2,257.7,YT,0
2026_M1Q1S14_TX_MIA,4,HP,Den,TX,MIA,2,SHOTZZY,MIA,17,33,8.0,9.0,2.0,2827,53,5,6.0,7,1.7,264.0,YT,0
2026_M1Q1S14_TX_MIA,4,HP,Den,TX,MIA,3,MERCULES,MIA,28,25,10.0,21.0,4.0,3627,44,4,10.0,18,2.7,347.1,YT,0
2026_M1Q1S14_TX_MIA,4,HP,Den,TX,MIA,4,DASHY,MIA,29,22,7.0,19.0,6.0,3211,112,11,10.0,12,2.6,295.1,YT,0
2026_M1Q1S14_TX_MIA,4,HP,Den,MIA,TX,5,TRAIX,MIA,24,25,8.0,16.0,4.0,2974,64,6,9.0,15,2.09,264.7,YT,0
2026_M1Q1S14_TX_MIA,4,HP,Den,MIA,TX,6,RENKOR,MIA,26,22,9.0,19.0,5.0,3143,78,5,10.0,9,2.4,291.0,YT,0
2026_M1Q1S14_TX_MIA,4,HP,Den,MIA,TX,7,SUPER,MIA,25,25,8.0,18.0,3.0,3056,68,4,8.0,2,2.3,284.29,YT,0
2026_M1Q1S14_TX_MIA,4,HP,Den,MIA,TX,8,METTALZ,MIA,27,24,8.0,23.0,6.0,3582,106,9,15.0,18,2.4,304.9,YT,0
2026_M1Q1S15_VAN_NY,1,HP,Scar,VAN,NY,1,LQGEND,NY,21,30,10.0,15.0,3.0,2989,66,5,8.0,6,1.58,221.33,YT,0
2026_M1Q1S15_VAN_NY,1,HP,Scar,VAN,NY,2,ABE,NY,32,33,11.0,22.0,4.0,4397,18,1,7.0,6,2.41,343.58,YT,0
2026_M1Q1S15_VAN_NY,1,HP,Scar,VAN,NY,3,LUNARZ,NY,34,26,22.0,27.0,5.0,4434,83,6,9.0,3,2.75,352.25,YT,0
2026_M1Q1S15_VAN_NY,1,HP,Scar,VAN,NY,4,GWINN,NY,42,33,11.0,29.0,5.0,4586,109,7,18.0,22,3.33,371.41,YT,0
2026_M1Q1S15_VAN_NY,1,HP,Scar,NY,VAN,5,VIVID,NY,27,33,11.0,16.0,4.0,3926,53,4,8.0,7,2.08,293.0,YT,0
2026_M1Q1S15_VAN_NY,1,HP,Scar,NY,VAN,6,MACK,NY,28,33,12.0,19.0,3.0,3506,60,5,7.0,3,2.16,279.5,YT,0
2026_M1Q1S15_VAN_NY,1,HP,Scar,NY,VAN,7,AFRO,NY,34,29,8.0,26.0,4.0,4036,108,9,13.0,17,2.66,311.91,YT,0
2026_M1Q1S15_VAN_NY,1,HP,Scar,NY,VAN,8,BEANS,NY,33,34,12.0,20.0,3.0,4816,40,2,9.0,11,2.58,366.08,YT,0
2026_M1Q1S16_RYD_BOS,1,HP,Exposure,RYD,BOS,1,CELLIUM,BOS,32,24,9.0,21.0,6.0,3553,88,8,12.0,21,2.63,289.0,YT,0
2026_M1Q1S16_RYD_BOS,1,HP,Exposure,RYD,BOS,2,PRED,BOS,27,30,13.0,15.0,4.0,3419,24,2,5.0,14,2.27,294.36,YT,0
2026_M1Q1S16_RYD_BOS,1,HP,Exposure,RYD,BOS,3,EXNID,BOS,26,30,14.0,17.0,4.0,3945,42,3,8.0,17,2.27,340.45,YT,0
2026_M1Q1S16_RYD_BOS,1,HP,Exposure,RYD,BOS,4,KISMET,BOS,30,29,12.0,21.0,4.0,4078,117,10,15.0,23,2.54,350.72,YT,0
2026_M1Q1S16_RYD_BOS,1,HP,Exposure,BOS,RYD,5,PURJ,BOS,25,30,14.0,14.0,2.0,3519,64,5,11.0,19,1.9,278.18,YT,0
2026_M1Q1S16_RYD_BOS,1,HP,Exposure,BOS,RYD,6,CAMMY,BOS,29,31,11.0,20.0,3.0,4069,106,9,14.0,16,2.36,332.09,YT,0
2026_M1Q1S16_RYD_BOS,1,HP,Exposure,BOS,RYD,7,SNOOPY,BOS,32,27,11.0,18.0,6.0,3707,69,3,11.0,22,2.45,302.81,YT,0
2026_M1Q1S16_RYD_BOS,1,HP,Exposure,BOS,RYD,8,NASTIE,BOS,27,27,13.0,19.0,4.0,3542,60,5,8.0,14,2.45,304.27,YT,0
2026_M1Q1S16_RYD_BOS,4,HP,Colossus,RYD,BOS,1,CELLIUM,RYD,32,28,7.0,24.0,6.0,4166,98,5,16.0,17,2.63,353.0,YT,0
2026_M1Q1S16_RYD_BOS,4,HP,Colossus,RYD,BOS,2,PRED,RYD,27,32,15.0,14.0,3.0,3407,58,5,12.0,20,2.18,288.63,YT,0
2026_M1Q1S16_RYD_BOS,4,HP,Colossus,RYD,BOS,3,EXNID,RYD,36,27,9.0,25.0,10.0,4870,63,5,13.0,23,2.54,372.36,YT,0
2026_M1Q1S16_RYD_BOS,4,HP,Colossus,RYD,BOS,4,KISMET,RYD,34,35,12.0,24.0,4.0,4557,88,7,14.0,17,2.9,386.63,YT,0
2026_M1Q1S16_RYD_BOS,4,HP,Colossus,BOS,RYD,5,PURJ,RYD,28,33,18.0,20.0,4.0,3829,28,2,9.0,21,2.45,331.72,YT,0
2026_M1Q1S16_RYD_BOS,4,HP,Colossus,BOS,RYD,6,CAMMY,RYD,37,30,12.0,23.0,7.0,4249,124,11,17.0,21,3.18,372.54,YT,0
2026_M1Q1S16_RYD_BOS,4,HP,Colossus,BOS,RYD,7,SNOOPY,RYD,34,35,18.0,21.0,4.0,3974,42,3,7.0,18,3.0,337.09,YT,0
2026_M1Q1S16_RYD_BOS,4,HP,Colossus,BOS,RYD,8,NASTIE,RYD,23,31,15.0,16.0,4.0,3769,104,9,13.0,24,1.9,319.09,YT,0
2026_M1Q1S17_MIA_NY,1,HP,Exposure,MIA,NY,1,TRAIX,MIA,31,21,9.0,23.0,5.0,3577,49,4,8.0,11,2.9,335.9,YT,0
2026_M1Q1S17_MIA_NY,1,HP,Exposure,MIA,NY,2,RENKOR,MIA,32,17,8.0,27.0,7.0,3692,114,11,12.0,10,3.1,355.0,YT,0
2026_M1Q1S17_MIA_NY,1,HP,Exposure,MIA,NY,3,SUPER,MIA,16,19,10.0,16.0,5.0,2446,53,5,2.0,3,1.6,244.6,YT,0
2026_M1Q1S17_MIA_NY,1,HP,Exposure,MIA,NY,4,METTALZ,MIA,25,22,10.0,21.0,7.0,3244,79,6,10.0,7,2.5,324.4,YT,0
2026_M1Q1S17_MIA_NY,1,HP,Exposure,NY,MIA,5,VIVID,MIA,19,24,7.0,11.0,2.0,2700,65,6,9.0,7,1.9,267.9,YT,0
2026_M1Q1S17_MIA_NY,1,HP,Exposure,NY,MIA,6,MACK,MIA,27,26,8.0,17.0,2.0,3628,32,3,7.0,5,2.6,359.0,YT,0
2026_M1Q1S17_MIA_NY,1,HP,Exposure,NY,MIA,7,AFRO,MIA,21,26,5.0,11.0,3.0,2665,32,3,10.0,12,2.09,260.29,YT,0
2026_M1Q1S17_MIA_NY,1,HP,Exposure,NY,MIA,8,BEANS,MIA,12,28,8.0,8.0,2.0,2119,47,4,6.0,4,1.2,209.8,YT,0
2026_M1Q1S17_MIA_NY,4,HP,Scar,MIA,NY,1,TRAIX,NY,21,24,9.0,14.0,6.0,2923,83,9,5.0,5,2.33,317.77,YT,0
2026_M1Q1S17_MIA_NY,4,HP,Scar,MIA,NY,2,RENKOR,NY,20,26,7.0,14.0,3.0,2804,38,4,3.0,2,2.11,292.11,YT,0
2026_M1Q1S17_MIA_NY,4,HP,Scar,MIA,NY,3,SUPER,NY,23,20,5.0,17.0,4.0,2956,15,1,6.0,1,2.44,315.11,YT,0
2026_M1Q1S17_MIA_NY,4,HP,Scar,MIA,NY,4,METTALZ,NY,23,27,7.0,15.0,3.0,2879,57,4,7.0,2,2.55,309.55,YT,0
2026_M1Q1S17_MIA_NY,4,HP,Scar,NY,MIA,5,VIVID,NY,26,22,4.0,17.0,4.0,3116,96,10,8.0,2,2.44,316.11,YT,0
2026_M1Q1S17_MIA_NY,4,HP,Scar,NY,MIA,6,MACK,NY,24,24,12.0,18.0,4.0,3289,61,6,6.0,0,2.66,341.0,YT,0
2026_M1Q1S17_MIA_NY,4,HP,Scar,NY,MIA,7,AFRO,NY,21,19,7.0,18.0,5.0,2655,82,7,6.0,6,2.11,271.0,YT,0
2026_M1Q1S17_MIA_NY,4,HP,Scar,NY,MIA,8,BEANS,NY,26,22,12.0,17.0,4.0,3249,30,3,4.0,0,2.55,336.11,YT,0
2026_M1Q1S18_TOR_VGS,1,HP,Exposure,TOR,VGS,1,REEAL,TOR,28,26,10.0,17.0,4.0,3760,74,6,10.0,7,2.45,342.54,YT,0
2026_M1Q1S18_TOR_VGS,1,HP,Exposure,TOR,VGS,2,JOEDECIEVES,TOR,30,28,10.0,20.0,6.0,3923,33,2,8.0,5,2.54,332.45,YT,0
2026_M1Q1S18_TOR_VGS,1,HP,Exposure,TOR,VGS,3,INSIGHT,TOR,27,22,9.0,22.0,6.0,3195,119,10,11.0,11,2.18,256.0,YT,0
2026_M1Q1S18_TOR_VGS,1,HP,Exposure,TOR,VGS,4,CLEANX,TOR,24,30,14.0,17.0,4.0,3488,75,5,8.0,13,2.0,291.54,YT,0
2026_M1Q1S18_TOR_VGS,1,HP,Exposure,VGS,TOR,5,SIMP,TOR,26,25,9.0,20.0,4.0,3396,25,2,6.0,9,2.27,285.36,YT,0
2026_M1Q1S18_TOR_VGS,1,HP,Exposure,VGS,TOR,6,04,TOR,28,28,8.0,19.0,4.0,3349,67,6,12.0,8,2.45,289.63,YT,0
2026_M1Q1S18_TOR_VGS,1,HP,Exposure,VGS,TOR,7,DRAZAH,TOR,27,29,12.0,18.0,3.0,3608,53,4,9.0,9,2.36,314.27,YT,0
2026_M1Q1S18_TOR_VGS,1,HP,Exposure,VGS,TOR,8,ABUZAH,TOR,25,27,10.0,19.0,4.0,4080,120,10,5.0,4,2.0,337.9,YT,0
2026_M1Q1S18_TOR_VGS,4,HP,Colossus,TOR,VGS,1,JOEDECIEVES,VGS,15,26,14.0,9.0,2.0,2410,15,2,4.0,10,1.85,304.85,YT,0
2026_M1Q1S18_TOR_VGS,4,HP,Colossus,TOR,VGS,2,REEAL,VGS,23,25,8.0,10.0,4.0,2910,21,3,7.0,15,2.85,371.28,YT,0
2026_M1Q1S18_TOR_VGS,4,HP,Colossus,TOR,VGS,3,INSIGHT,VGS,15,30,8.0,9.0,3.0,2083,29,2,6.0,2,2.0,261.85,YT,0
2026_M1Q1S18_TOR_VGS,4,HP,Colossus,TOR,VGS,4,CLEANX,VGS,23,27,8.0,14.0,3.0,2998,28,2,9.0,12,3.0,373.42,YT,0
2026_M1Q1S18_TOR_VGS,4,HP,Colossus,VGS,TOR,5,SIMP,VGS,29,18,9.0,21.0,5.0,3341,75,7,14.0,7,3.57,403.42,YT,0
2026_M1Q1S18_TOR_VGS,4,HP,Colossus,VGS,TOR,6,04,VGS,29,20,10.0,18.0,4.0,3327,46,5,10.0,13,3.42,400.14,YT,0
2026_M1Q1S18_TOR_VGS,4,HP,Colossus,VGS,TOR,7,DRAZAH,VGS,26,18,6.0,20.0,4.0,3247,59,7,13.0,15,3.42,410.42,YT,0
2026_M1Q1S18_TOR_VGS,4,HP,Colossus,VGS,TOR,8,ABUZAH,VGS,24,20,11.0,18.0,3.0,3164,120,15,13.0,5,3.28,429.42,YT,0
2026_M1Q1S19_RYD_MIN,1,HP,Colossus,RYD,MIN,1,CELLIUM,MIN,25,29,16.0,17.0,5.0,4038,114,9,15.0,24,2.27,350.36,YT,0
2026_M1Q1S19_RYD_MIN,1,HP,Colossus,RYD,MIN,2,PRED,MIN,29,31,9.0,18.0,4.0,3361,32,2,7.0,9,2.45,291.36,YT,0
2026_M1Q1S19_RYD_MIN,1,HP,Colossus,RYD,MIN,3,EXNID,MIN,29,32,16.0,15.0,3.0,3940,60,3,7.0,13,2.54,336.9,YT,0
2026_M1Q1S19_RYD_MIN,1,HP,Colossus,RYD,MIN,4,KISMET,MIN,32,31,11.0,21.0,5.0,3751,98,8,21.0,25,2.81,327.54,YT,0
2026_M1Q1S19_RYD_MIN,1,HP,Colossus,MIN,RYD,5,MAMBA,MIN,28,29,10.0,18.0,4.0,3584,100,9,11.0,6,2.45,303.9,YT,0
2026_M1Q1S19_RYD_MIN,1,HP,Colossus,MIN,RYD,6,SKYZ,MIN,16,29,13.0,10.0,3.0,2705,60,5,5.0,14,1.45,240.09,YT,0
2026_M1Q1S19_RYD_MIN,1,HP,Colossus,MIN,RYD,7,ESTREAL,MIN,38,25,9.0,28.0,4.0,4396,63,5,7.0,27,3.18,377.63,YT,0
2026_M1Q1S19_RYD_MIN,1,HP,Colossus,MIN,RYD,8,KREMP,MIN,41,32,13.0,27.0,6.0,4967,83,7,17.0,13,3.63,429.9,YT,0
2026_M1Q1S19_RYD_MIN,4,HP,Den,RYD,MIN,1,CELLIUM,MIN,25,26,14.0,12.0,3.0,3557,93,7,9.0,13,2.27,313.27,YT,0
2026_M1Q1S19_RYD_MIN,4,HP,Den,RYD,MIN,2,PRED,MIN,32,29,18.0,18.0,4.0,4310,46,4,14.0,6,2.81,369.63,YT,0
2026_M1Q1S19_RYD_MIN,4,HP,Den,RYD,MIN,3,EXNID,MIN,33,32,7.0,20.0,4.0,4044,89,8,12.0,9,2.72,341.09,YT,0
2026_M1Q1S19_RYD_MIN,4,HP,Den,RYD,MIN,4,KISMET,MIN,22,29,10.0,12.0,3.0,2881,77,7,8.0,8,1.81,254.9,YT,0
2026_M1Q1S19_RYD_MIN,4,HP,Den,MIN,RYD,5,MAMBA,MIN,27,27,11.0,17.0,4.0,3398,81,6,14.0,10,2.18,291.63,YT,0
2026_M1Q1S19_RYD_MIN,4,HP,Den,MIN,RYD,6,SKYZ,MIN,25,26,14.0,15.0,3.0,3456,79,7,9.0,5,2.0,283.45,YT,0
2026_M1Q1S19_RYD_MIN,4,HP,Den,MIN,RYD,7,ESTREAL,MIN,29,28,12.0,16.0,5.0,3322,57,5,12.0,11,2.54,290.09,YT,0
2026_M1Q1S19_RYD_MIN,4,HP,Den,MIN,RYD,8,KREMP,MIN,35,31,13.0,23.0,5.0,4636,94,8,15.0,8,3.09,400.9,YT,0
2026_M1Q1S20_MIA_CAR,1,HP,Blackheart,MIA,CAR,1,EXCEED,MIA,22,27,8.0,17.0,3.0,2841,88,7,9.0,21,2.2,284.1,YT,0
2026_M1Q1S20_MIA_CAR,1,HP,Blackheart,MIA,CAR,2,NERO,MIA,22,31,11.0,12.0,3.0,3107,45,4,7.0,15,2.09,304.29,YT,0
2026_M1Q1S20_MIA_CAR,1,HP,Blackheart,MIA,CAR,3,CRAZE,MIA,21,32,7.0,11.0,3.0,2824,73,7,4.0,7,2.09,273.4,YT,0
2026_M1Q1S20_MIA_CAR,1,HP,Blackheart,MIA,CAR,4,LURQXX,MIA,27,29,13.0,17.0,3.0,3598,71,6,13.0,15,2.7,352.2,YT,0
2026_M1Q1S20_MIA_CAR,1,HP,Blackheart,CAR,MIA,5,TRAIX,MIA,26,27,6.0,19.0,3.0,3033,92,9,9.0,17,2.3,273.29,YT,0
2026_M1Q1S20_MIA_CAR,1,HP,Blackheart,CAR,MIA,6,RENKOR,MIA,27,24,15.0,16.0,2.0,3916,107,10,14.0,11,2.6,381.6,YT,0
2026_M1Q1S20_MIA_CAR,1,HP,Blackheart,CAR,MIA,7,SUPER,MIA,29,19,10.0,19.0,6.0,3418,83,8,11.0,16,2.9,341.8,YT,0
2026_M1Q1S20_MIA_CAR,1,HP,Blackheart,CAR,MIA,8,METTALZ,MIA,37,22,10.0,30.0,5.0,4032,68,6,10.0,15,3.6,393.2,YT,0
2026_M1Q1S20_MIA_CAR,4,HP,Exposure,CAR,MIA,1,EXCEED,CAR,28,29,16.0,22.0,3.0,2994,1:18,0:06,11.0,0:17,2.33,244.25,YT,0
2026_M1Q1S20_MIA_CAR,4,HP,Exposure,CAR,MIA,2,NERO,CAR,34,29,13.0,22.0,5.0,4359,2:08,0:10,14.0,0:11,2.75,354.91,YT,0
2026_M1Q1S20_MIA_CAR,4,HP,Exposure,CAR,MIA,3,CRAZE,CAR,33,33,15.0,19.0,4.0,4162,0:57,0:04,9.0,0:10,2.58,335.33,YT,0
2026_M1Q1S20_MIA_CAR,4,HP,Exposure,CAR,MIA,4,LURQXX,CAR,33,32,15.0,19.0,6.0,4128,0:48,0:03,12.0,0:12,2.58,327.41,YT,0
2026_M1Q1S20_MIA_CAR,4,HP,Exposure,MIA,CAR,5,TRAIX,MIA,34,29,14.0,23.0,5.0,4828,1:02,0:05,10.0,0:04,2.83,402.33,YT,0
2026_M1Q1S20_MIA_CAR,4,HP,Exposure,MIA,CAR,6,RENKOR,MIA,41,32,11.0,25.0,4.0,4875,0:35,0:01,14.0,0:14,3.25,387.0,YT,0
2026_M1Q1S20_MIA_CAR,4,HP,Exposure,MIA,CAR,7,SUPER,MIA,20,32,10.0,14.0,4.0,2566,1:43,0:08,8.0,0:11,1.66,203.41,YT,0
2026_M1Q1S20_MIA_CAR,4,HP,Exposure,MIA,CAR,8,METTALZ,MIA,28,35,15.0,14.0,3.0,3771,0:47,0:03,13.0,0:21,2.25,305.41,YT,0
2026_M1Q1S21_TX_VGS,1,HP,Scar,TX,VGS,1,HUKE,VGS,29,33,13.0,18.0,6.0,4032,26,2,6.0,11,2.7,377.5,YT,0
2026_M1Q1S21_TX_VGS,1,HP,Scar,TX,VGS,2,SHOTZZY,VGS,25,37,10.0,15.0,5.0,3368,18,1,9.0,17,2.3,310.2,YT,0
2026_M1Q1S21_TX_VGS,1,HP,Scar,TX,VGS,3,MERCULES,VGS,33,33,7.0,23.0,5.0,4268,70,6,9.0,12,3.2,410.2,YT,0
2026_M1Q1S21_TX_VGS,1,HP,Scar,TX,VGS,4,DASHY,VGS,27,36,14.0,11.0,2.0,4072,69,6,6.0,6,2.7,389.1,YT,0
2026_M1Q1S21_TX_VGS,1,HP,Scar,VGS,TX,5,SIMP,VGS,23,31,21.0,17.0,4.0,3359,79,7,7.0,14,2.2,314.2,YT,0
2026_M1Q1S21_TX_VGS,1,HP,Scar,VGS,TX,6,04,VGS,33,32,15.0,26.0,7.0,4423,42,3,6.0,3,3.0,406.0,YT,0
2026_M1Q1S21_TX_VGS,1,HP,Scar,VGS,TX,7,DRAZAH,VGS,43,27,11.0,27.0,6.0,4500,53,5,15.0,14,3.8,413.9,YT,0
2026_M1Q1S21_TX_VGS,1,HP,Scar,VGS,TX,8,ABUZAH,VGS,40,24,10.0,31.0,5.0,4107,93,7,7.0,14,3.8,386.5,YT,0
2026_M1Q1S22_VAN_BOS,1,HP,Scar,VAN,BOS,1,PURJ,BOS,30,28,18.0,23.0,5.0,3471,41,4,5.0,1,3.0,340.6,YT,0
2026_M1Q1S22_VAN_BOS,1,HP,Scar,VAN,BOS,2,CAMMY,BOS,25,25,13.0,16.0,3.0,3430,72,7,7.0,2,2.2,315.0,YT,0
2026_M1Q1S22_VAN_BOS,1,HP,Scar,VAN,BOS,3,SNOOPY,BOS,29,24,14.0,18.0,4.0,3284,58,5,9.0,17,2.7,310.5,YT,0
2026_M1Q1S22_VAN_BOS,1,HP,Scar,VAN,BOS,4,NASTIE,BOS,24,23,10.0,23.0,7.0,3016,86,8,8.0,4,2.09,263.2,YT,0
2026_M1Q1S22_VAN_BOS,1,HP,Scar,BOS,VAN,5,TJHALY,BOS,26,30,6.0,13.0,3.0,3178,30,1,2.0,4,2.6,312.9,YT,0
2026_M1Q1S22_VAN_BOS,1,HP,Scar,BOS,VAN,6,ABE,BOS,25,28,8.0,17.0,4.0,3074,31,3,4.0,0,2.3,293.29,YT,0
2026_M1Q1S22_VAN_BOS,1,HP,Scar,BOS,VAN,7,LUNARZ,BOS,25,23,8.0,19.0,4.0,3406,16,1,1.0,7,2.3,311.0,YT,0
2026_M1Q1S22_VAN_BOS,1,HP,Scar,BOS,VAN,8,GWINN,BOS,24,27,14.0,15.0,4.0,3514,137,13,10.0,12,2.3,332.4,YT,0
2026_M1Q1S22_VAN_BOS,4,HP,Den,VAN,BOS,1,PURJ,VAN,22,30,6.0,10.0,3.0,2686,78,7,13.0,13,2.0,253.3,YT,0
2026_M1Q1S22_VAN_BOS,4,HP,Den,VAN,BOS,2,CAMMY,VAN,19,26,15.0,13.0,3.0,3023,62,5,9.0,9,1.8,298.0,YT,0
2026_M1Q1S22_VAN_BOS,4,HP,Den,VAN,BOS,3,SNOOPY,VAN,31,28,7.0,23.0,5.0,3288,58,5,12.0,17,3.0,318.79,YT,0
2026_M1Q1S22_VAN_BOS,4,HP,Den,VAN,BOS,4,NASTIE,VAN,22,30,6.0,8.0,2.0,3072,16,0,8.0,8,2.2,299.9,YT,0
2026_M1Q1S22_VAN_BOS,4,HP,Den,BOS,VAN,5,TJHALY,VAN,30,23,10.0,20.0,4.0,3797,98,9,12.0,16,2.8,343.9,YT,0
2026_M1Q1S22_VAN_BOS,4,HP,Den,BOS,VAN,6,ABE,VAN,28,23,9.0,19.0,5.0,2770,65,6,16.0,20,2.7,264.4,YT,0
2026_M1Q1S22_VAN_BOS,4,HP,Den,BOS,VAN,7,LUNARZ,VAN,24,20,13.0,18.0,5.0,3150,64,6,11.0,9,2.4,315.0,YT,0
2026_M1Q1S22_VAN_BOS,4,HP,Den,BOS,VAN,8,GWINN,VAN,32,28,7.0,18.0,3.0,3909,76,7,18.0,7,3.2,388.8,YT,0
2026_M1Q1S23_PAR_NY,1,HP,Den,PAR,NY,1,ENVOY,PAR,33,28,7.0,26.0,5.0,3644,85,6,12.0,17,2.27,282.63,YT,0
2026_M1Q1S23_PAR_NY,1,HP,Den,PAR,NY,2,NEPTUNE,PAR,28,36,17.0,18.0,3.0,4255,61,4,10.0,13,2.45,361.09,YT,0
2026_M1Q1S23_PAR_NY,1,HP,Den,PAR,NY,3,SIB,PAR,29,36,11.0,13.0,4.0,4295,36,2,9.0,8,2.36,365.45,YT,0
2026_M1Q1S23_PAR_NY,1,HP,Den,PAR,NY,4,GHOSTY,PAR,33,30,16.0,22.0,3.0,3684,131,11,18.0,15,2.9,302.18,YT,0
2026_M1Q1S23_PAR_NY,1,HP,Den,NY,PAR,5,VIVID,PAR,30,28,15.0,19.0,3.0,3796,70,6,11.0,7,2.45,302.09,YT,0
2026_M1Q1S23_PAR_NY,1,HP,Den,NY,PAR,6,MACK,PAR,36,32,12.0,24.0,6.0,4171,69,6,15.0,18,3.0,340.45,YT,0
2026_M1Q1S23_PAR_NY,1,HP,Den,NY,PAR,7,AFRO,PAR,31,34,16.0,18.0,4.0,3786,48,4,10.0,20,2.36,306.9,YT,0
2026_M1Q1S23_PAR_NY,1,HP,Den,NY,PAR,8,BEANS,PAR,30,30,10.0,19.0,3.0,4175,110,8,11.0,5,2.45,335.63,YT,0
2026_M1Q1S23_PAR_NY,4,HP,Colossus,PAR,NY,1,ENVOY,PAR,23,25,16.0,14.0,5.0,3159,113,11,11.0,8,2.55,342.33,YT,0
2026_M1Q1S23_PAR_NY,4,HP,Colossus,PAR,NY,2,NEPTUNE,PAR,29,26,10.0,16.0,4.0,2881,41,4,9.0,7,3.11,317.66,YT,0
2026_M1Q1S23_PAR_NY,4,HP,Colossus,PAR,NY,3,SIB,PAR,30,24,11.0,22.0,5.0,3539,88,9,15.0,16,3.11,371.0,YT,0
2026_M1Q1S23_PAR_NY,4,HP,Colossus,PAR,NY,4,GHOSTY,PAR,33,23,15.0,27.0,7.0,4159,60,5,15.0,5,3.55,436.22,YT,0
2026_M1Q1S23_PAR_NY,4,HP,Colossus,NY,PAR,5,VIVID,PAR,24,28,10.0,15.0,3.0,3434,38,4,8.0,9,2.66,376.55,YT,0
2026_M1Q1S23_PAR_NY,4,HP,Colossus,NY,PAR,6,MACK,PAR,24,31,12.0,11.0,4.0,3122,47,5,9.0,7,2.66,340.33,YT,0
2026_M1Q1S23_PAR_NY,4,HP,Colossus,NY,PAR,7,AFRO,PAR,26,29,8.0,14.0,4.0,2639,36,4,14.0,11,2.77,282.11,YT,0
2026_M1Q1S23_PAR_NY,4,HP,Colossus,NY,PAR,8,BEANS,PAR,22,27,14.0,15.0,4.0,3329,41,4,6.0,11,2.44,365.55,YT,0
2026_M1Q1S24_MIN_CAR,1,HP,Exposure,MIN,CAR,1,EXCEED,CAR,23,16,4.0,14.0,5.0,2866,119,13,11.0,6,2.75,342.25,YT,0
2026_M1Q1S24_MIN_CAR,1,HP,Exposure,MIN,CAR,2,NERO,CAR,30,14,8.0,26.0,8.0,3557,65,7,5.0,2,3.0,372.12,YT,0
2026_M1Q1S24_MIN_CAR,1,HP,Exposure,MIN,CAR,3,CRAZE,CAR,28,16,7.0,24.0,7.0,2896,25,2,1.0,1,3.25,344.62,YT,0
2026_M1Q1S24_MIN_CAR,1,HP,Exposure,MIN,CAR,4,LURQXX,CAR,22,17,7.0,15.0,4.0,2835,80,9,7.0,3,2.62,332.0,YT,0
2026_M1Q1S24_MIN_CAR,1,HP,Exposure,CAR,MIN,5,MAMBA,CAR,18,26,4.0,11.0,2.0,2526,44,5,11.0,3,2.12,289.25,YT,0
2026_M1Q1S24_MIN_CAR,1,HP,Exposure,CAR,MIN,6,SKYZ,CAR,15,24,8.0,11.0,3.0,2443,77,7,8.0,4,1.75,285.0,YT,0
2026_M1Q1S24_MIN_CAR,1,HP,Exposure,CAR,MIN,7,ESTREAL,CAR,11,26,8.0,6.0,2.0,1699,40,4,4.0,5,1.37,191.5,YT,0
2026_M1Q1S24_MIN_CAR,1,HP,Exposure,CAR,MIN,8,KREMP,CAR,19,27,5.0,9.0,4.0,2416,23,1,3.0,1,2.12,273.87,YT,0
2026_M1Q1S24_MIN_CAR,4,HP,Colossus,MIN,CAR,1,EXCEED,CAR,27,40,16.0,13.0,4.0,3970,65,4,13.0,18,2.16,314.41,YT,0
2026_M1Q1S24_MIN_CAR,4,HP,Colossus,MIN,CAR,2,NERO,CAR,41,37,15.0,27.0,4.0,5398,83,6,14.0,10,3.25,433.16,YT,0
2026_M1Q1S24_MIN_CAR,4,HP,Colossus,MIN,CAR,3,CRAZE,CAR,27,39,15.0,17.0,7.0,3315,73,6,7.0,14,2.16,260.5,YT,0
2026_M1Q1S24_MIN_CAR,4,HP,Colossus,MIN,CAR,4,LURQXX,CAR,43,39,15.0,25.0,5.0,4896,40,3,16.0,15,3.25,382.66,YT,0
2026_M1Q1S24_MIN_CAR,4,HP,Colossus,CAR,MIN,5,MAMBA,CAR,39,33,14.0,26.0,5.0,4819,74,6,15.0,12,3.0,365.25,YT,0
2026_M1Q1S24_MIN_CAR,4,HP,Colossus,CAR,MIN,6,SKYZ,CAR,32,33,12.0,20.0,3.0,3845,43,3,12.0,10,2.5,309.25,YT,0
2026_M1Q1S24_MIN_CAR,4,HP,Colossus,CAR,MIN,7,ESTREAL,CAR,29,34,18.0,20.0,3.0,4121,122,10,14.0,16,2.33,328.58,YT,0
2026_M1Q1S24_MIN_CAR,4,HP,Colossus,CAR,MIN,8,KREMP,CAR,54,38,17.0,32.0,7.0,5514,63,5,26.0,16,4.33,446.25,YT,0
2026_M1Q1S25_VAN_TX,1,HP,Exposure,VAN,TX,1,HUKE,TX,22,25,12.0,16.0,4.0,2976,31,2,6.0,4,2.0,268.63,YT,0
2026_M1Q1S25_VAN_TX,1,HP,Exposure,VAN,TX,2,SHOTZZY,TX,32,30,7.0,16.0,5.0,3555,52,4,10.0,3,2.9,315.54,YT,0
2026_M1Q1S25_VAN_TX,1,HP,Exposure,VAN,TX,3,MERCULES,TX,38,18,6.0,29.0,7.0,4075,128,11,21.0,10,3.36,363.18,YT,0
2026_M1Q1S25_VAN_TX,1,HP,Exposure,VAN,TX,4,DASHY,TX,23,24,14.0,20.0,3.0,3391,84,7,8.0,3,1.9,290.09,YT,0
2026_M1Q1S25_VAN_TX,1,HP,Exposure,TX,VAN,5,TJHALY,TX,29,28,3.0,18.0,4.0,3458,31,2,8.0,5,2.54,311.45,YT,0
2026_M1Q1S25_VAN_TX,1,HP,Exposure,TX,VAN,6,ABE,TX,22,31,11.0,12.0,2.0,3151,69,6,7.0,6,2.0,280.27,YT,0
2026_M1Q1S25_VAN_TX,1,HP,Exposure,TX,VAN,7,LUNARZ,TX,23,27,12.0,19.0,4.0,3032,34,3,5.0,2,2.09,275.54,YT,0
2026_M1Q1S25_VAN_TX,1,HP,Exposure,TX,VAN,8,GWINN,TX,23,29,10.0,18.0,4.0,3497,123,11,10.0,8,2.09,317.9,YT,0
2026_M1Q1S25_VAN_TX,4,HP,Den,VAN,TX,1,HUKE,TX,31,17,7.0,21.0,6.0,3063,51,6,5.0,3,3.62,348.0,YT,0
2026_M1Q1S25_VAN_TX,4,HP,Den,VAN,TX,2,SHOTZZY,TX,26,18,6.0,16.0,5.0,3051,106,11,9.0,6,2.87,346.5,YT,0
2026_M1Q1S25_VAN_TX,4,HP,Den,VAN,TX,3,MERCULES,TX,17,20,8.0,13.0,3.0,2252,38,4,7.0,3,1.75,249.25,YT,0
2026_M1Q1S25_VAN_TX,4,HP,Den,VAN,TX,4,DASHY,TX,23,17,15.0,15.0,3.0,3091,101,12,10.0,3,2.5,339.75,YT,0
2026_M1Q1S25_VAN_TX,4,HP,Den,TX,VAN,5,TJHALY,TX,21,26,6.0,11.0,3.0,2943,48,6,7.0,5,2.5,337.0,YT,0
2026_M1Q1S25_VAN_TX,4,HP,Den,TX,VAN,6,ABE,TX,15,24,4.0,10.0,2.0,1779,52,6,8.0,5,1.62,198.5,YT,0
2026_M1Q1S25_VAN_TX,4,HP,Den,TX,VAN,7,LUNARZ,TX,18,23,9.0,8.0,3.0,2589,52,5,6.0,0,2.0,303.12,YT,0
2026_M1Q1S25_VAN_TX,4,HP,Den,TX,VAN,8,GWINN,TX,18,24,5.0,9.0,2.0,2801,61,7,5.0,3,1.75,291.75,YT,0
2026_M1Q1S26_TOR_LAT,1,HP,Den,TOR,LAT,1,SCRAP,TOR,34,27,13.0,28.0,6.0,4799,64,5,7.0,8,3.0,429.09,YT,0
2026_M1Q1S26_TOR_LAT,1,HP,Den,TOR,LAT,2,KENNY,TOR,20,29,13.0,11.0,3.0,3174,58,5,7.0,4,1.72,275.63,YT,0
2026_M1Q1S26_TOR_LAT,1,HP,Den,TOR,LAT,3,ABEZY,TOR,23,27,10.0,12.0,3.0,2835,53,4,9.0,11,2.0,239.18,YT,0
2026_M1Q1S26_TOR_LAT,1,HP,Den,TOR,LAT,4,HYDRA,TOR,29,25,7.0,23.0,6.0,3898,93,8,12.0,10,2.45,317.36,YT,0
2026_M1Q1S26_TOR_LAT,1,HP,Den,LAT,TOR,5,JOEDECEIVES,TOR,30,26,9.0,23.0,7.0,3944,78,6,7.0,10,2.27,327.45,YT,0
2026_M1Q1S26_TOR_LAT,1,HP,Den,LAT,TOR,6,REEAL,TOR,26,30,7.0,18.0,3.0,2991,89,7,11.0,9,2.18,253.72,YT,0
2026_M1Q1S26_TOR_LAT,1,HP,Den,LAT,TOR,7,INSIGHT,TOR,29,22,10.0,22.0,7.0,3962,97,8,5.0,7,2.45,332.36,YT,0
2026_M1Q1S26_TOR_LAT,1,HP,Den,LAT,TOR,8,CLEANX,TOR,22,28,11.0,17.0,5.0,3327,47,3,8.0,9,1.9,284.63,YT,0
2026_M1Q1S27_VAN_MIA,1,HP,Exposure,VAN,MIA,1,TRAIX,MIA,22,19,2.0,17.0,5.0,2784,62,6,7.0,11,2.0,258.4,YT,0
2026_M1Q1S27_VAN_MIA,1,HP,Exposure,VAN,MIA,2,RENKOR,MIA,21,20,10.0,17.0,4.0,3002,83,8,9.0,2,2.0,288.2,YT,0
2026_M1Q1S27_VAN_MIA,1,HP,Exposure,VAN,MIA,3,SUPER,MIA,24,14,9.0,22.0,7.0,3343,81,7,7.0,7,2.4,334.3,YT,0
2026_M1Q1S27_VAN_MIA,1,HP,Exposure,VAN,MIA,4,METTALZ,MIA,24,22,8.0,17.0,3.0,3145,90,9,8.0,12,2.09,281.5,YT,0
2026_M1Q1S27_VAN_MIA,1,HP,Exposure,MIA,VAN,5,TJHALY,MIA,18,27,7.0,13.0,4.0,2941,24,2,2.0,15,1.8,292.0,YT,0
2026_M1Q1S27_VAN_MIA,1,HP,Exposure,MIA,VAN,6,ABE,MIA,20,18,5.0,16.0,5.0,2357,116,11,9.0,14,1.9,212.8,YT,0
2026_M1Q1S27_VAN_MIA,1,HP,Exposure,MIA,VAN,7,LUNARZ,MIA,18,20,7.0,14.0,5.0,2963,33,3,8.0,4,1.8,295.29,YT,0
2026_M1Q1S27_VAN_MIA,1,HP,Exposure,MIA,VAN,8,GWINN,MIA,19,26,4.0,13.0,5.0,2829,86,8,9.0,10,1.9,282.9,YT,0
2026_M1Q1S28_RYD_PAR,1,HP,Exposure,RYD,PAR,1,ENVOY,PAR,17,12,4.0,13.0,6.0,2100,55,9,6.0,3,2.66,329.83,YT,0
2026_M1Q1S28_RYD_PAR,1,HP,Exposure,RYD,PAR,2,NEPTUNE,PAR,29,13,3.0,23.0,6.0,2724,23,3,4.0,0,3.66,378.83,YT,0
2026_M1Q1S28_RYD_PAR,1,HP,Exposure,RYD,PAR,3,SIB,PAR,8,17,9.0,5.0,2.0,1575,66,11,5.0,0,1.33,211.33,YT,0
2026_M1Q1S28_RYD_PAR,1,HP,Exposure,RYD,PAR,4,GHOSTY,PAR,21,9,11.0,19.0,5.0,2621,148,16,10.0,2,2.66,345.5,YT,0
2026_M1Q1S28_RYD_PAR,1,HP,Exposure,PAR,RYD,5,CELLIUM,PAR,15,19,9.0,6.0,4.0,2289,18,3,4.0,0,2.16,335.66,YT,0
2026_M1Q1S28_RYD_PAR,1,HP,Exposure,PAR,RYD,6,PRED,PAR,15,18,5.0,9.0,3.0,2123,9,1,6.0,1,2.16,299.5,YT,0
2026_M1Q1S28_RYD_PAR,1,HP,Exposure,PAR,RYD,7,EXNID,PAR,12,20,4.0,6.0,3.0,1689,8,1,0.0,0,1.83,248.33,YT,0
2026_M1Q1S28_RYD_PAR,1,HP,Exposure,PAR,RYD,8,KISMET,PAR,9,18,5.0,6.0,3.0,1678,39,6,4.0,4,1.33,222.33,YT,0
2026_M1Q1S28_RYD_PAR,4,HP,Blackheart,RYD,PAR,1,ENVOY,RYD,32,26,10.0,21.0,3.0,3569,101,9,14.0,22,2.81,315.36,YT,0
2026_M1Q1S28_RYD_PAR,4,HP,Blackheart,RYD,PAR,2,NEPTUNE,RYD,31,31,10.0,22.0,5.0,3782,65,5,14.0,27,2.63,323.72,YT,0
2026_M1Q1S28_RYD_PAR,4,HP,Blackheart,RYD,PAR,3,SIB,RYD,24,31,12.0,15.0,4.0,3443,52,4,8.0,15,2.18,313.0,YT,0
2026_M1Q1S28_RYD_PAR,4,HP,Blackheart,RYD,PAR,4,GHOSTY,RYD,23,30,20.0,15.0,5.0,3519,130,11,13.0,33,2.09,315.18,YT,0
2026_M1Q1S28_RYD_PAR,4,HP,Blackheart,PAR,RYD,5,CELLIUM,RYD,27,30,9.0,15.0,3.0,3471,94,8,13.0,17,2.36,308.36,YT,0
2026_M1Q1S28_RYD_PAR,4,HP,Blackheart,PAR,RYD,6,PRED,RYD,34,25,13.0,22.0,5.0,4012,65,5,12.0,29,2.9,348.45,YT,0
2026_M1Q1S28_RYD_PAR,4,HP,Blackheart,PAR,RYD,7,EXNID,RYD,34,26,5.0,24.0,10.0,3668,75,6,18.0,31,3.0,324.36,YT,0
2026_M1Q1S28_RYD_PAR,4,HP,Blackheart,PAR,RYD,8,KISMET,RYD,22,29,23.0,12.0,2.0,3368,125,11,13.0,19,2.0,303.09,YT,0
2026_M1Q1S29_MIA_BOS,1,HP,Scar,MIA,BOS,1,PURJ,MIA,29,30,13.0,22.0,7.0,4069,78,6,10.0,10,2.41,324.58,YT,0
2026_M1Q1S29_MIA_BOS,1,HP,Scar,MIA,BOS,2,CAMMY,MIA,29,35,11.0,16.0,3.0,3847,52,4,5.0,10,2.25,307.41,YT,0
2026_M1Q1S29_MIA_BOS,1,HP,Scar,MIA,BOS,3,SNOOPY,MIA,29,34,10.0,17.0,3.0,3710,48,4,6.0,10,2.33,287.83,YT,0
2026_M1Q1S29_MIA_BOS,1,HP,Scar,MIA,BOS,4,NASTIE,MIA,33,27,11.0,23.0,6.0,3948,75,6,10.0,11,2.75,325.41,YT,0
2026_M1Q1S29_MIA_BOS,1,HP,Scar,BOS,MIA,5,TRAIX,MIA,31,32,15.0,22.0,4.0,3946,72,6,12.0,19,2.41,311.33,YT,0
2026_M1Q1S29_MIA_BOS,1,HP,Scar,BOS,MIA,6,RENKOR,MIA,34,29,14.0,22.0,4.0,4748,69,5,10.0,6,2.75,366.41,YT,0
2026_M1Q1S29_MIA_BOS,1,HP,Scar,BOS,MIA,7,SUPER,MIA,29,27,20.0,21.0,6.0,3761,63,4,9.0,6,2.16,292.66,YT,0
2026_M1Q1S29_MIA_BOS,1,HP,Scar,BOS,MIA,8,METTALZ,MIA,32,32,11.0,21.0,4.0,3957,63,5,8.0,10,2.41,311.08,YT,0
2026_M1Q1S29_MIA_BOS,4,HP,Blackheart,MIA,BOS,1,PURJ,MIA,15,30,12.0,4.0,3.0,2799,89,9,9.0,30,1.66,311.0,YT,0
2026_M1Q1S29_MIA_BOS,4,HP,Blackheart,MIA,BOS,2,CAMMY,MIA,13,30,10.0,6.0,2.0,2084,58,6,5.0,9,1.44,231.55,YT,0
2026_M1Q1S29_MIA_BOS,4,HP,Blackheart,MIA,BOS,3,SNOOPY,MIA,23,23,6.0,19.0,4.0,2718,40,4,5.0,22,2.55,302.0,YT,0
2026_M1Q1S29_MIA_BOS,4,HP,Blackheart,MIA,BOS,4,NASTIE,MIA,18,25,2.0,14.0,5.0,2515,48,5,7.0,16,2.0,279.44,YT,0
2026_M1Q1S29_MIA_BOS,4,HP,Blackheart,BOS,MIA,5,TRAIX,MIA,29,17,11.0,27.0,7.0,3520,53,5,13.0,26,3.11,389.33,YT,0
2026_M1Q1S29_MIA_BOS,4,HP,Blackheart,BOS,MIA,6,RENKOR,MIA,31,20,8.0,22.0,7.0,3631,68,7,8.0,15,3.44,403.44,YT,0
2026_M1Q1S29_MIA_BOS,4,HP,Blackheart,BOS,MIA,7,SUPER,MIA,23,19,6.0,16.0,5.0,2524,48,5,9.0,25,2.55,280.44,YT,0
2026_M1Q1S29_MIA_BOS,4,HP,Blackheart,BOS,MIA,8,METTALZ,MIA,24,14,12.0,19.0,6.0,2802,161,17,14.0,22,2.66,311.33,YT,0
2026_M1Q1S30_TOR_CAR,1,HP,Den,TOR,CAR,1,EXCEED,CAR,24,26,7.0,19.0,4.0,3696,47,4,8.0,5,2.44,373.11,YT,0
2026_M1Q1S30_TOR_CAR,1,HP,Den,TOR,CAR,2,NERO,CAR,17,26,11.0,9.0,2.0,2526,54,6,9.0,8,1.55,223.55,YT,0
2026_M1Q1S30_TOR_CAR,1,HP,Den,TOR,CAR,3,CRAZE,CAR,20,30,5.0,15.0,3.0,2846,37,3,7.0,3,1.77,289.66,YT,0
2026_M1Q1S30_TOR_CAR,1,HP,Den,TOR,CAR,4,LURQXX,CAR,22,26,9.0,12.0,3.0,3038,44,4,8.0,6,2.22,305.55,YT,0
2026_M1Q1S30_TOR_CAR,1,HP,Den,CAR,TOR,5,JOEDECEIVES,CAR,30,18,12.0,26.0,9.0,3423,156,15,13.0,1,3.0,344.88,YT,0
2026_M1Q1S30_TOR_CAR,1,HP,Den,CAR,TOR,6,REEAL,CAR,25,20,12.0,17.0,5.0,3077,99,10,11.0,7,2.44,298.0,YT,0
2026_M1Q1S30_TOR_CAR,1,HP,Den,CAR,TOR,7,INSIGHT,CAR,26,20,10.0,20.0,5.0,3087,29,3,5.0,3,2.33,274.0,YT,0
2026_M1Q1S30_TOR_CAR,1,HP,Den,CAR,TOR,8,CLEANX,CAR,26,25,9.0,16.0,5.0,3260,40,2,9.0,11,2.44,332.77,YT,0
2026_M1Q1S30_TOR_CAR,4,HP,Blackheart,TOR,CAR,1,EXCEED,TOR,26,20,9.0,17.0,6.0,2858,94,9,12.0,24,2.88,309.44,YT,0
2026_M1Q1S30_TOR_CAR,4,HP,Blackheart,TOR,CAR,2,NERO,TOR,18,22,7.0,11.0,3.0,2574,116,11,9.0,20,1.77,263.66,YT,0
2026_M1Q1S30_TOR_CAR,4,HP,Blackheart,TOR,CAR,3,CRAZE,TOR,29,26,9.0,18.0,3.0,3061,38,4,5.0,15,3.0,320.33,YT,0
2026_M1Q1S30_TOR_CAR,4,HP,Blackheart,TOR,CAR,4,LURQXX,TOR,28,24,14.0,20.0,4.0,3763,113,12,10.0,13,2.88,397.88,YT,0
2026_M1Q1S30_TOR_CAR,4,HP,Blackheart,CAR,TOR,5,JOEDECEIVES,TOR,30,26,10.0,17.0,4.0,3847,51,5,8.0,9,3.11,407.88,YT,0
2026_M1Q1S30_TOR_CAR,4,HP,Blackheart,CAR,TOR,6,REEAL,TOR,23,24,11.0,11.0,4.0,2913,54,6,10.0,28,2.44,304.55,YT,0
2026_M1Q1S30_TOR_CAR,4,HP,Blackheart,CAR,TOR,7,INSIGHT,TOR,20,22,10.0,16.0,4.0,2507,55,6,13.0,19,2.11,267.44,YT,0
2026_M1Q1S30_TOR_CAR,4,HP,Blackheart,CAR,TOR,8,CLEANX,TOR,19,29,8.0,10.0,4.0,2424,33,3,8.0,14,2.11,263.55,YT,0
2026_M1Q1S31_VGS_NY,1,HP,Exposure,VGS,NY,1,ABUZAH,VGS,18,24,16.0,12.0,3.0,2592,91,9,7.0,5,2.0,266.88,YT,0
2026_M1Q1S31_VGS_NY,1,HP,Exposure,VGS,NY,2,DRAZAH,VGS,23,21,11.0,16.0,4.0,2765,99,8,11.0,10,2.11,280.66,YT,0
2026_M1Q1S31_VGS_NY,1,HP,Exposure,VGS,NY,3,04,VGS,40,21,9.0,29.0,9.0,4093,79,8,12.0,5,4.0,408.77,YT,0
2026_M1Q1S31_VGS_NY,1,HP,Exposure,VGS,NY,4,SIMP,VGS,32,25,16.0,21.0,3.0,4015,63,7,11.0,9,3.33,405.44,YT,0
2026_M1Q1S31_VGS_NY,1,HP,Exposure,NY,VGS,5,VIVID,VGS,27,26,9.0,19.0,4.0,3457,47,5,11.0,13,2.77,352.44,YT,0
2026_M1Q1S31_VGS_NY,1,HP,Exposure,NY,VGS,6,MACK,VGS,23,30,12.0,10.0,2.0,2831,39,4,8.0,3,2.22,288.66,YT,0
2026_M1Q1S31_VGS_NY,1,HP,Exposure,NY,VGS,7,BEANS,VGS,21,28,5.0,10.0,2.0,2669,44,3,4.0,4,2.11,267.33,YT,0
2026_M1Q1S31_VGS_NY,1,HP,Exposure,NY,VGS,8,AFRO,VGS,20,29,8.0,11.0,3.0,2718,30,3,5.0,9,2.0,267.33,YT,0
2026_M1Q1S32_BOS_NY,1,HP,Scar,BOS,NY,1,PURJ,NY,26,29,7.0,18.0,3.0,3578,85,6,8.0,5,2.5,343.6,YT,0
2026_M1Q1S32_BOS_NY,1,HP,Scar,BOS,NY,2,CAMMY,NY,19,27,8.0,14.0,4.0,2619,57,5,3.0,16,1.8,247.7,YT,0
2026_M1Q1S32_BOS_NY,1,HP,Scar,BOS,NY,3,SNOOPY,NY,20,31,9.0,13.0,3.0,2868,70,7,10.0,7,1.9,267.79,YT,0
2026_M1Q1S32_BOS_NY,1,HP,Scar,BOS,NY,4,NASTIE,NY,26,26,12.0,18.0,6.0,3700,28,2,5.0,1,2.4,345.8,YT,0
2026_M1Q1S32_BOS_NY,1,HP,Scar,NY,BOS,5,VIVID,NY,22,22,13.0,17.0,4.0,3209,37,3,4.0,1,2.0,291.7,YT,0
2026_M1Q1S32_BOS_NY,1,HP,Scar,NY,BOS,6,MACK,NY,30,23,15.0,21.0,4.0,3714,71,7,4.0,0,2.7,350.9,YT,0
2026_M1Q1S32_BOS_NY,1,HP,Scar,NY,BOS,7,AFRO,NY,30,23,13.0,24.0,6.0,3797,120,11,13.0,24,2.9,349.6,YT,0
2026_M1Q1S32_BOS_NY,1,HP,Scar,NY,BOS,8,BEANS,NY,31,23,10.0,26.0,4.0,3418,36,3,8.0,3,2.8,309.9,YT,0
2026_M1Q1S32_BOS_NY,4,HP,Colossus,BOS,NY,1,PURJ,BOS,16,22,11.0,10.0,3.0,2511,37,3,2.0,2,2.28,356.0,YT,0
2026_M1Q1S32_BOS_NY,4,HP,Colossus,BOS,NY,2,CAMMY,BOS,31,13,5.0,23.0,6.0,2860,116,15,17.0,13,3.57,343.57,YT,0
2026_M1Q1S32_BOS_NY,4,HP,Colossus,BOS,NY,3,SNOOPY,BOS,21,16,13.0,16.0,5.0,2738,100,11,6.0,1,2.71,332.28,YT,0
2026_M1Q1S32_BOS_NY,4,HP,Colossus,BOS,NY,4,NASTIE,BOS,19,15,8.0,17.0,5.0,2343,74,9,5.0,1,2.42,306.28,YT,0
2026_M1Q1S32_BOS_NY,4,HP,Colossus,NY,BOS,5,VIVID,BOS,13,19,7.0,9.0,2.0,2100,60,8,5.0,5,1.57,257.14,YT,0
2026_M1Q1S32_BOS_NY,4,HP,Colossus,NY,BOS,6,MACK,BOS,20,25,13.0,11.0,5.0,2698,16,2,4.0,3,2.57,365.28,YT,0
2026_M1Q1S32_BOS_NY,4,HP,Colossus,NY,BOS,7,AFRO,BOS,13,22,5.0,5.0,2.0,1752,20,2,4.0,5,1.71,222.28,YT,0
2026_M1Q1S32_BOS_NY,4,HP,Colossus,NY,BOS,8,BEANS,BOS,20,21,4.0,13.0,4.0,2675,40,5,10.0,4,2.71,356.85,YT,0
2026_M1Q1S33_MIN_VGS,1,HP,Blackheart,MIN,VGS,1,ABUZAH,VGS,31,19,9.0,21.0,5.0,3450,127,12,18.0,20,2.77,312.22,YT,0
2026_M1Q1S33_MIN_VGS,1,HP,Blackheart,MIN,VGS,2,DRAZAH,VGS,23,27,12.0,17.0,4.0,3123,66,7,8.0,8,2.11,295.0,YT,0
2026_M1Q1S33_MIN_VGS,1,HP,Blackheart,MIN,VGS,3,04,VGS,32,28,14.0,20.0,7.0,3435,65,6,16.0,18,3.22,336.0,YT,0
2026_M1Q1S33_MIN_VGS,1,HP,Blackheart,MIN,VGS,4,SIMP,VGS,27,25,14.0,16.0,3.0,3429,89,9,10.0,23,2.55,333.77,YT,0
2026_M1Q1S33_MIN_VGS,1,HP,Blackheart,MIN,VGS,5,MAMBA,VGS,28,32,14.0,13.0,3.0,3707,60,6,14.0,18,2.66,360.77,YT,0
2026_M1Q1S33_MIN_VGS,1,HP,Blackheart,MIN,VGS,6,SKYZ,VGS,21,23,15.0,15.0,5.0,2954,55,6,8.0,14,2.0,292.11,YT,0
2026_M1Q1S33_MIN_VGS,1,HP,Blackheart,MIN,VGS,7,ESTREAL,VGS,23,29,5.0,12.0,3.0,2986,67,7,10.0,18,2.44,307.88,YT,0
2026_M1Q1S33_MIN_VGS,1,HP,Blackheart,MIN,VGS,8,KREMP,VGS,27,29,7.0,18.0,6.0,3252,58,6,6.0,20,2.44,302.55,YT,0
2026_M1Q1S33_MIN_VGS,4,HP,Colossus,MIN,VGS,1,ABUZAH,MIN,27,30,13.0,17.0,5.0,3868,63,6,9.0,3,2.6,371.4,YT,0
2026_M1Q1S33_MIN_VGS,4,HP,Colossus,MIN,VGS,2,DRAZAH,MIN,21,31,10.0,12.0,3.0,2996,31,3,10.0,4,2.09,290.0,YT,0
2026_M1Q1S33_MIN_VGS,4,HP,Colossus,MIN,VGS,3,04,MIN,22,34,11.0,10.0,3.0,3619,61,6,12.0,10,2.09,349.0,YT,0
2026_M1Q1S33_MIN_VGS,4,HP,Colossus,MIN,VGS,4,SIMP,MIN,31,30,8.0,20.0,7.0,3442,89,8,17.0,17,2.9,328.6,YT,0
2026_M1Q1S33_MIN_VGS,4,HP,Colossus,MIN,VGS,5,MAMBA,MIN,32,25,16.0,22.0,4.0,3636,87,7,15.0,12,2.9,342.4,YT,0
2026_M1Q1S33_MIN_VGS,4,HP,Colossus,MIN,VGS,6,SKYZ,MIN,34,24,12.0,27.0,4.0,4204,77,7,13.0,5,3.2,398.3,YT,0
2026_M1Q1S33_MIN_VGS,4,HP,Colossus,MIN,VGS,7,ESTREAL,MIN,29,26,12.0,23.0,5.0,3532,69,6,12.0,10,2.8,349.5,YT,0
2026_M1Q1S33_MIN_VGS,4,HP,Colossus,MIN,VGS,8,KREMP,MIN,30,26,13.0,21.0,6.0,3828,65,6,11.0,10,2.9,359.8,YT,0
2026_M1Q1S34_TX_LAT,1,HP,Exposure,TX,LAT,1,HUKE,TX,25,29,10.0,13.0,6.0,3360,60,5,7.0,12,2.27,301.27,YT,0
2026_M1Q1S34_TX_LAT,1,HP,Exposure,TX,LAT,2,SHOTZZY,TX,30,33,7.0,15.0,3.0,3341,54,4,8.0,8,2.63,287.9,YT,0
2026_M1Q1S34_TX_LAT,1,HP,Exposure,TX,LAT,3,MERCULES,TX,37,25,8.0,28.0,4.0,4788,107,8,22.0,15,3.09,387.36,YT,0
2026_M1Q1S34_TX_LAT,1,HP,Exposure,TX,LAT,4,DASHY,TX,22,32,13.0,10.0,4.0,3807,65,5,8.0,5,1.81,312.18,YT,0
2026_M1Q1S34_TX_LAT,1,HP,Exposure,LAT,TX,5,SCRAP,TX,31,31,13.0,21.0,4.0,3983,36,3,8.0,6,2.54,329.9,YT,0
2026_M1Q1S34_TX_LAT,1,HP,Exposure,LAT,TX,6,KENNY,TX,36,27,17.0,26.0,6.0,4147,102,7,14.0,13,2.9,347.09,YT,0
2026_M1Q1S34_TX_LAT,1,HP,Exposure,LAT,TX,7,ABEZY,TX,25,26,17.0,17.0,4.0,3419,52,4,7.0,4,2.27,294.0,YT,0
2026_M1Q1S34_TX_LAT,1,HP,Exposure,LAT,TX,8,HYDRA,TX,27,30,10.0,16.0,3.0,3021,55,5,9.0,15,2.36,263.36,YT,0
2026_M1Q1S34_TX_LAT,4,HP,Scar,TX,LAT,1,HUKE,LAT,32,26,7.0,23.0,4.0,3746,46,2,6.0,7,2.9,339.2,YT,0
2026_M1Q1S34_TX_LAT,4,HP,Scar,TX,LAT,2,SHOTZZY,LAT,24,29,9.0,15.0,3.0,3109,43,4,6.0,17,2.2,296.4,YT,0
2026_M1Q1S34_TX_LAT,4,HP,Scar,TX,LAT,3,MERCULES,LAT,21,36,17.0,11.0,3.0,3452,43,4,4.0,5,2.0,328.5,YT,0
2026_M1Q1S34_TX_LAT,4,HP,Scar,TX,LAT,4,DASHY,LAT,29,28,8.0,21.0,3.0,3741,86,8,11.0,1,2.6,337.8,YT,0
2026_M1Q1S34_TX_LAT,4,HP,Scar,LAT,TX,5,SCRAP,LAT,30,27,9.0,22.0,4.0,4242,65,4,11.0,9,2.7,378.6,YT,0
2026_M1Q1S34_TX_LAT,4,HP,Scar,LAT,TX,6,KENNY,LAT,27,28,12.0,19.0,5.0,3393,61,6,6.0,1,2.5,319.6,YT,0
2026_M1Q1S34_TX_LAT,4,HP,Scar,LAT,TX,7,ABEZY,LAT,30,22,9.0,24.0,5.0,3683,134,13,12.0,20,2.7,331.9,YT,0
2026_M1Q1S34_TX_LAT,4,HP,Scar,LAT,TX,8,HYDRA,LAT,32,29,6.0,18.0,3.0,3955,9,0,5.0,0,2.9,346.0,YT,0
2026_M1Q1S35_TX_CAR,1,HP,Colossus,CAR,TX,1,EXCEED,TX,24,29,12.0,15.0,4.0,3102,26,2,8.0,2,2.66,340.88,YT,0
2026_M1Q1S35_TX_CAR,1,HP,Colossus,CAR,TX,2,NERO,TX,34,23,9.0,24.0,8.0,3397,61,6,13.0,4,3.33,341.22,YT,0
2026_M1Q1S35_TX_CAR,1,HP,Colossus,CAR,TX,3,CRAZE,TX,21,27,12.0,12.0,6.0,2901,87,9,15.0,14,2.11,289.11,YT,0
2026_M1Q1S35_TX_CAR,1,HP,Colossus,CAR,TX,4,LURQXX,TX,27,27,10.0,20.0,7.0,3244,32,3,3.0,7,2.77,340.0,YT,0
2026_M1Q1S35_TX_CAR,1,HP,Colossus,TX,CAR,5,HUKE,TX,26,29,5.0,17.0,4.0,3052,48,4,6.0,5,2.55,310.77,YT,0
2026_M1Q1S35_TX_CAR,1,HP,Colossus,TX,CAR,6,SHOTZZY,TX,29,24,8.0,20.0,4.0,3594,70,6,8.0,7,2.88,360.22,YT,0
2026_M1Q1S35_TX_CAR,1,HP,Colossus,TX,CAR,7,MERCULES,TX,29,27,17.0,19.0,5.0,3800,63,5,14.0,13,3.0,394.0,YT,0
2026_M1Q1S35_TX_CAR,1,HP,Colossus,TX,CAR,8,DASHY,TX,22,26,5.0,13.0,3.0,2940,118,11,9.0,8,2.11,293.33,YT,0
2026_M1Q1S35_TX_CAR,4,HP,Den,CAR,TX,1,EXCEED,CAR,20,16,11.0,17.0,5.0,2539,128,13,13.0,7,2.37,302.25,YT,0
2026_M1Q1S35_TX_CAR,4,HP,Den,CAR,TX,2,NERO,CAR,26,16,14.0,22.0,4.0,3289,90,11,11.0,9,3.0,379.62,YT,0
2026_M1Q1S35_TX_CAR,4,HP,Den,CAR,TX,3,CRAZE,CAR,20,21,9.0,16.0,2.0,2248,28,3,3.0,4,2.25,238.25,YT,0
2026_M1Q1S35_TX_CAR,4,HP,Den,CAR,TX,4,LURQXX,CAR,23,18,10.0,20.0,5.0,2525,84,10,11.0,7,2.37,279.37,YT,0
2026_M1Q1S35_TX_CAR,4,HP,Den,TX,CAR,5,HUKE,CAR,16,22,4.0,8.0,3.0,2078,10,1,3.0,4,1.87,237.87,YT,0
2026_M1Q1S35_TX_CAR,4,HP,Den,TX,CAR,6,SHOTZZY,CAR,16,22,0.0,11.0,3.0,1687,60,7,4.0,11,1.87,201.62,YT,0
2026_M1Q1S35_TX_CAR,4,HP,Den,TX,CAR,7,MERCULES,CAR,18,23,7.0,10.0,3.0,2830,30,3,8.0,4,2.25,348.5,YT,0
2026_M1Q1S35_TX_CAR,4,HP,Den,TX,CAR,8,DASHY,CAR,21,22,5.0,14.0,5.0,3074,61,7,6.0,2,2.5,354.5,YT,0
2026_M1Q1S36_TOR_PAR,1,HP,Scar,TOR,PAR,1,JOEDECEIVES,TOR,34,29,8.0,25.0,4.0,4588,40,3,6.0,9,2.72,378.81,YT,0
2026_M1Q1S36_TOR_PAR,1,HP,Scar,TOR,PAR,2,REEAL,TOR,27,28,13.0,19.0,4.0,4061,62,5,9.0,6,2.45,350.0,YT,0
2026_M1Q1S36_TOR_PAR,1,HP,Scar,TOR,PAR,3,INSIGHT,TOR,29,27,16.0,25.0,4.0,3579,43,3,6.0,5,2.27,285.81,YT,0
2026_M1Q1S36_TOR_PAR,1,HP,Scar,TOR,PAR,4,CLEANX,TOR,35,30,11.0,26.0,6.0,3949,129,9,20.0,9,2.9,336.36,YT,0
2026_M1Q1S36_TOR_PAR,1,HP,Scar,PAR,TOR,5,ENVOY,TOR,28,32,9.0,20.0,4.0,3967,82,6,10.0,12,2.45,338.18,YT,0
2026_M1Q1S36_TOR_PAR,1,HP,Scar,PAR,TOR,6,NEPTUNE,TOR,28,33,6.0,15.0,7.0,3525,42,3,4.0,6,2.45,308.18,YT,0
2026_M1Q1S36_TOR_PAR,1,HP,Scar,PAR,TOR,7,SIB,TOR,28,34,9.0,18.0,3.0,3775,84,7,12.0,7,2.45,316.18,YT,0
2026_M1Q1S36_TOR_PAR,1,HP,Scar,PAR,TOR,8,GHOSTY,TOR,30,26,8.0,20.0,6.0,3968,44,2,8.0,9,2.54,339.09,YT,0
2026_M1Q1S36_TOR_PAR,4,HP,Colossus,TOR,PAR,1,JOEDECEIVES,PAR,35,28,13.0,26.0,8.0,4407,39,3,9.0,7,3.4,417.6,YT,0
2026_M1Q1S36_TOR_PAR,4,HP,Colossus,TOR,PAR,2,REEAL,PAR,24,33,8.0,12.0,5.0,3159,26,2,5.0,3,2.4,315.9,YT,0
2026_M1Q1S36_TOR_PAR,4,HP,Colossus,TOR,PAR,3,INSIGHT,PAR,23,27,12.0,16.0,3.0,3324,80,8,12.0,3,2.3,326.2,YT,0
2026_M1Q1S36_TOR_PAR,4,HP,Colossus,TOR,PAR,4,CLEANX,PAR,31,28,12.0,22.0,5.0,3909,61,6,9.0,9,3.0,380.9,YT,0
2026_M1Q1S36_TOR_PAR,4,HP,Colossus,PAR,TOR,5,ENVOY,PAR,28,33,15.0,18.0,6.0,3893,100,10,12.0,9,2.6,377.6,YT,0
2026_M1Q1S36_TOR_PAR,4,HP,Colossus,PAR,TOR,6,NEPTUNE,PAR,32,27,10.0,17.0,4.0,3877,37,3,8.0,5,3.1,374.6,YT,0
2026_M1Q1S36_TOR_PAR,4,HP,Colossus,PAR,TOR,7,SIB,PAR,31,32,9.0,18.0,3.0,3897,56,5,16.0,6,2.9,378.3,YT,0
2026_M1Q1S36_TOR_PAR,4,HP,Colossus,PAR,TOR,8,GHOSTY,PAR,25,21,16.0,20.0,4.0,2978,122,11,11.0,6,2.5,295.6,YT,0
2026_M1Q1S37_TOR_MIN,1,HP,Colossus,MIN,TOR,1,MAMBA,MIN,33,24,8.0,24.0,10.0,4275,123,11,17.0,10,3.1,407.5,YT,0
2026_M1Q1S37_TOR_MIN,1,HP,Colossus,MIN,TOR,2,SKYZ,MIN,17,23,15.0,13.0,2.0,2759,120,11,7.0,14,1.5,255.9,YT,0
2026_M1Q1S37_TOR_MIN,1,HP,Colossus,MIN,TOR,3,ESTREAL,MIN,35,24,10.0,27.0,6.0,3517,74,7,12.0,9,3.4,341.7,YT,0
2026_M1Q1S37_TOR_MIN,1,HP,Colossus,MIN,TOR,4,KREMP,MIN,20,25,11.0,13.0,3.0,2605,30,3,5.0,7,2.0,260.5,YT,0
2026_M1Q1S37_TOR_MIN,1,HP,Colossus,TOR,MIN,5,JOEDECEIVES,MIN,20,28,9.0,14.0,3.0,2968,50,5,6.0,11,2.0,296.79,YT,0
2026_M1Q1S37_TOR_MIN,1,HP,Colossus,TOR,MIN,6,REEAL,MIN,26,21,14.0,18.0,9.0,3376,88,8,10.0,14,2.6,328.4,YT,0
2026_M1Q1S37_TOR_MIN,1,HP,Colossus,TOR,MIN,7,INSIGHT,MIN,26,25,4.0,19.0,5.0,3269,39,3,7.0,4,2.6,317.29,YT,0
2026_M1Q1S37_TOR_MIN,1,HP,Colossus,TOR,MIN,8,CLEANX,MIN,24,31,12.0,12.0,3.0,3574,82,8,15.0,8,2.4,354.3,YT,0
2026_M1Q1S38_RYD_NY,1,HP,Colossus,RYD,NY,1,CELLIUM,RYD,27,20,13.0,20.0,6.0,3287,51,5,10.0,11,2.66,335.88,YT,0
2026_M1Q1S38_RYD_NY,1,HP,Colossus,RYD,NY,2,PRED,RYD,22,22,8.0,13.0,3.0,2330,51,4,4.0,3,2.44,250.0,YT,0
2026_M1Q1S38_RYD_NY,1,HP,Colossus,RYD,NY,3,EXNID,RYD,33,23,8.0,22.0,7.0,3506,60,6,9.0,4,3.33,362.22,YT,0
2026_M1Q1S38_RYD_NY,1,HP,Colossus,RYD,NY,4,KISMET,RYD,31,18,9.0,19.0,7.0,3582,119,12,12.0,19,3.0,363.55,YT,0
2026_M1Q1S38_RYD_NY,1,HP,Colossus,NY,RYD,5,VIVID,RYD,18,27,15.0,11.0,3.0,2813,14,1,5.0,11,1.77,279.66,YT,0
2026_M1Q1S38_RYD_NY,1,HP,Colossus,NY,RYD,6,MACK,RYD,30,29,5.0,23.0,5.0,3336,50,5,16.0,12,3.0,350.77,YT,0
2026_M1Q1S38_RYD_NY,1,HP,Colossus,NY,RYD,7,AFRO,RYD,21,29,6.0,13.0,3.0,2231,17,1,4.0,4,2.22,225.22,YT,0
2026_M1Q1S38_RYD_NY,1,HP,Colossus,NY,RYD,8,BEANS,RYD,14,28,12.0,7.0,3.0,2597,65,7,9.0,7,1.44,271.33,YT,0
2026_M1Q1S38_RYD_NY,4,HP,Den,RYD,NY,1,CELLIUM,NY,27,23,13.0,20.0,3.0,3830,138,11,13.0,14,2.25,315.66,YT,0
2026_M1Q1S38_RYD_NY,4,HP,Den,RYD,NY,2,PRED,NY,33,31,11.0,20.0,8.0,3689,32,2,11.0,12,2.75,307.41,YT,0
2026_M1Q1S38_RYD_NY,4,HP,Den,RYD,NY,3,EXNID,NY,27,34,7.0,12.0,5.0,3728,52,4,10.0,23,2.16,302.33,YT,0
2026_M1Q1S38_RYD_NY,4,HP,Den,RYD,NY,4,KISMET,NY,34,28,8.0,23.0,4.0,4149,79,6,13.0,11,2.83,345.75,YT,0
2026_M1Q1S38_RYD_NY,4,HP,Den,NY,RYD,5,VIVID,NY,28,26,13.0,22.0,4.0,3602,84,7,15.0,25,2.25,297.08,YT,0
2026_M1Q1S38_RYD_NY,4,HP,Den,NY,RYD,6,MACK,NY,37,32,7.0,22.0,5.0,3541,77,5,21.0,18,3.08,295.0,YT,0
2026_M1Q1S38_RYD_NY,4,HP,Den,NY,RYD,7,AFRO,NY,25,29,10.0,18.0,3.0,3023,57,4,7.0,6,2.0,243.58,YT,0
2026_M1Q1S38_RYD_NY,4,HP,Den,NY,RYD,8,BEANS,NY,26,35,19.0,18.0,4.0,4250,72,6,11.0,15,2.16,348.91,YT,0
2026_M1Q1S39_LAT_BOS,1,HP,Colossus,BOS,LAT,1,PURJ,BOS,34,38,12.0,19.0,4.0,3933,58,4,12.0,15,2.72,320.72,YT,0
2026_M1Q1S39_LAT_BOS,1,HP,Colossus,BOS,LAT,2,CAMMY,BOS,33,31,17.0,23.0,5.0,4416,112,8,12.0,10,2.9,391.27,YT,0
2026_M1Q1S39_LAT_BOS,1,HP,Colossus,BOS,LAT,3,SNOOPY,BOS,32,31,11.0,25.0,4.0,4048,85,6,14.0,4,2.54,329.72,YT,0
2026_M1Q1S39_LAT_BOS,1,HP,Colossus,BOS,LAT,4,NASTIE,BOS,30,32,11.0,17.0,3.0,4075,72,4,8.0,6,2.45,338.45,YT,0
2026_M1Q1S39_LAT_BOS,1,HP,Colossus,LAT,BOS,5,SCRAP,BOS,34,34,16.0,23.0,5.0,4487,50,4,15.0,6,3.0,382.45,YT,0
2026_M1Q1S39_LAT_BOS,1,HP,Colossus,LAT,BOS,6,KENNY,BOS,36,34,13.0,24.0,4.0,4027,116,10,17.0,5,3.0,350.63,YT,0
2026_M1Q1S39_LAT_BOS,1,HP,Colossus,LAT,BOS,7,ABEZY,BOS,32,27,11.0,23.0,3.0,3686,110,10,10.0,14,2.63,313.45,YT,0
2026_M1Q1S39_LAT_BOS,1,HP,Colossus,LAT,BOS,8,HYDRA,BOS,30,34,14.0,23.0,6.0,4198,40,3,9.0,10,2.72,359.9,YT,0
2026_M1Q1S39_LAT_BOS,4,HP,Den,BOS,LAT,1,PURJ,LAT,20,34,15.0,10.0,2.0,3016,41,4,11.0,12,1.8,262.29,YT,0
2026_M1Q1S39_LAT_BOS,4,HP,Den,BOS,LAT,2,CAMMY,LAT,32,27,13.0,26.0,4.0,3979,59,5,11.0,12,3.0,368.0,YT,0
2026_M1Q1S39_LAT_BOS,4,HP,Den,BOS,LAT,3,SNOOPY,LAT,23,30,8.0,14.0,3.0,2616,76,7,11.0,12,2.09,236.0,YT,0
2026_M1Q1S39_LAT_BOS,4,HP,Den,BOS,LAT,4,NASTIE,LAT,25,25,10.0,19.0,5.0,3610,31,3,13.0,10,2.4,354.1,YT,0
2026_M1Q1S39_LAT_BOS,4,HP,Den,LAT,BOS,5,SCRAP,LAT,23,25,8.0,15.0,2.0,3503,101,9,16.0,9,2.09,320.7,YT,0
2026_M1Q1S39_LAT_BOS,4,HP,Den,LAT,BOS,6,KENNY,LAT,27,24,13.0,16.0,3.0,3586,87,8,6.0,10,2.09,301.29,YT,0
2026_M1Q1S39_LAT_BOS,4,HP,Den,LAT,BOS,7,ABEZY,LAT,34,22,7.0,24.0,4.0,3997,137,9,18.0,17,3.1,362.8,YT,0
2026_M1Q1S39_LAT_BOS,4,HP,Den,LAT,BOS,8,HYDRA,LAT,31,29,10.0,21.0,4.0,3421,51,4,12.0,10,3.1,336.9,YT,0
2026_M1Q1S40_PAR_MIA,1,HP,Den,MIA,PAR,1,TRAIX,PAR,37,29,11.0,22.0,3.0,3678,43,3,13.0,18,3.0,303.08,YT,0
2026_M1Q1S40_PAR_MIA,1,HP,Den,MIA,PAR,2,RENKOR,PAR,34,27,16.0,27.0,5.0,4829,93,7,11.0,17,2.75,386.0,YT,0
2026_M1Q1S40_PAR_MIA,1,HP,Den,MIA,PAR,3,SUPER,PAR,26,27,14.0,19.0,5.0,3055,65,5,10.0,11,2.08,246.25,YT,0
2026_M1Q1S40_PAR_MIA,1,HP,Den,MIA,PAR,4,METTALZ,PAR,28,31,15.0,19.0,4.0,4021,97,7,13.0,14,2.25,326.75,YT,0
2026_M1Q1S40_PAR_MIA,1,HP,Den,PAR,MIA,5,ENVOY,PAR,30,35,8.0,21.0,5.0,3743,82,6,9.0,17,2.41,301.66,YT,0
2026_M1Q1S40_PAR_MIA,1,HP,Den,PAR,MIA,6,NEPTUNE,PAR,36,30,11.0,23.0,4.0,4002,85,7,14.0,15,2.83,313.33,YT,0
2026_M1Q1S40_PAR_MIA,1,HP,Den,PAR,MIA,7,SIB,PAR,21,33,16.0,15.0,4.0,3418,79,6,7.0,6,1.66,284.33,YT,0
2026_M1Q1S40_PAR_MIA,1,HP,Den,PAR,MIA,8,GHOSTY,PAR,26,27,17.0,15.0,3.0,3993,106,8,11.0,21,2.5,322.0,YT,0
2026_M1Q1S40_PAR_MIA,4,HP,Scar,MIA,PAR,1,TRAIX,PAR,23,33,8.0,13.0,4.0,3074,11,1,4.0,1,2.2,297.29,YT,0
2026_M1Q1S40_PAR_MIA,4,HP,Scar,MIA,PAR,2,RENKOR,PAR,28,29,16.0,17.0,5.0,4239,53,3,7.0,4,2.5,384.2,YT,0
2026_M1Q1S40_PAR_MIA,4,HP,Scar,MIA,PAR,3,SUPER,PAR,34,28,14.0,20.0,4.0,3917,31,3,7.0,4,3.2,371.5,YT,0
2026_M1Q1S40_PAR_MIA,4,HP,Scar,MIA,PAR,4,METTALZ,PAR,24,34,11.0,12.0,3.0,3099,77,7,3.0,1,2.2,281.79,YT,0
2026_M1Q1S40_PAR_MIA,4,HP,Scar,PAR,MIA,5,ENVOY,PAR,37,29,10.0,26.0,4.0,4124,28,2,7.0,0,3.4,390.1,YT,0
2026_M1Q1S40_PAR_MIA,4,HP,Scar,PAR,MIA,6,NEPTUNE,PAR,29,25,13.0,18.0,7.0,3074,66,6,4.0,0,2.7,307.29,YT,0
2026_M1Q1S40_PAR_MIA,4,HP,Scar,PAR,MIA,7,SIB,PAR,30,31,14.0,22.0,6.0,3768,55,5,5.0,7,2.9,372.1,YT,0
2026_M1Q1S40_PAR_MIA,4,HP,Scar,PAR,MIA,8,GHOSTY,PAR,28,24,17.0,21.0,4.0,3649,95,11,11.0,3,2.5,334.1,YT,0
2026_M1Q1S41_LAT_CAR,1,HP,Blackheart,CAR,LAT,1,EXCEED,CAR,32,19,15.0,23.0,6.0,3930,103,10,14.0,27,3.2,393.0,YT,0
2026_M1Q1S41_LAT_CAR,1,HP,Blackheart,CAR,LAT,2,NERO,CAR,29,20,7.0,16.0,4.0,3596,114,11,12.0,24,2.9,359.6,YT,0
2026_M1Q1S41_LAT_CAR,1,HP,Blackheart,CAR,LAT,3,CRAZE,CAR,27,26,12.0,16.0,3.0,3167,66,6,12.0,15,2.7,316.7,YT,0
2026_M1Q1S41_LAT_CAR,1,HP,Blackheart,CAR,LAT,4,LURQXX,CAR,29,21,8.0,23.0,4.0,3218,69,6,12.0,24,2.9,321.79,YT,0
2026_M1Q1S41_LAT_CAR,1,HP,Blackheart,LAT,CAR,5,SCRAP,CAR,16,29,15.0,10.0,6.0,3159,13,1,9.0,29,1.6,315.9,YT,0
2026_M1Q1S41_LAT_CAR,1,HP,Blackheart,LAT,CAR,6,KENNY,CAR,21,32,9.0,11.0,5.0,2444,73,7,9.0,15,2.09,244.4,YT,0
2026_M1Q1S41_LAT_CAR,1,HP,Blackheart,LAT,CAR,7,ABEZY,CAR,26,26,9.0,16.0,5.0,3338,63,6,11.0,15,2.6,333.8,YT,0
2026_M1Q1S41_LAT_CAR,1,HP,Blackheart,LAT,CAR,8,HYDRA,CAR,20,31,9.0,12.0,3.0,2857,53,5,6.0,18,2.0,285.7,YT,0
2026_M1Q1S41_LAT_CAR,4,HP,Den,CAR,LAT,1,EXCEED,LAT,15,20,8.0,9.0,3.0,2297,42,5,4.0,1,1.75,264.75,YT,0
2026_M1Q1S41_LAT_CAR,4,HP,Den,CAR,LAT,2,NERO,LAT,25,21,6.0,16.0,5.0,3309,66,8,14.0,13,3.0,392.5,YT,0
2026_M1Q1S41_LAT_CAR,4,HP,Den,CAR,LAT,3,CRAZE,LAT,12,27,4.0,3.0,2.0,1864,20,2,5.0,4,1.37,222.87,YT,0
2026_M1Q1S41_LAT_CAR,4,HP,Den,CAR,LAT,4,LURQXX,LAT,18,24,10.0,11.0,4.0,2478,22,2,5.0,12,2.25,297.62,YT,0
2026_M1Q1S41_LAT_CAR,4,HP,Den,LAT,CAR,5,SCRAP,LAT,30,21,15.0,24.0,4.0,3872,50,6,9.0,1,3.62,450.62,YT,0
2026_M1Q1S41_LAT_CAR,4,HP,Den,LAT,CAR,6,KENNY,LAT,17,16,11.0,15.0,3.0,2381,123,15,6.0,13,2.12,285.87,YT,0
2026_M1Q1S41_LAT_CAR,4,HP,Den,LAT,CAR,7,ABEZY,LAT,30,15,6.0,24.0,7.0,3113,92,11,9.0,9,3.62,376.62,YT,0
2026_M1Q1S41_LAT_CAR,4,HP,Den,LAT,CAR,8,HYDRA,LAT,15,18,10.0,8.0,3.0,1913,62,7,7.0,12,1.5,221.25,YT,0
2026_M1Q1S42_VAN_VGS,1,HP,Exposure,VGS,VAN,1,ABUZAH,VGS,30,20,10.0,22.0,5.0,3658,112,7,11.0,4,2.77,375.0,YT,0
2026_M1Q1S42_VAN_VGS,1,HP,Exposure,VGS,VAN,2,DRAZAH,VGS,20,19,15.0,17.0,4.0,3154,86,9,9.0,16,2.0,297.55,YT,0
2026_M1Q1S42_VAN_VGS,1,HP,Exposure,VGS,VAN,3,04,VGS,21,21,11.0,15.0,5.0,2489,74,7,5.0,6,2.0,224.44,YT,0
2026_M1Q1S42_VAN_VGS,1,HP,Exposure,VGS,VAN,4,SIMP,VGS,27,22,6.0,23.0,5.0,3201,58,6,10.0,8,2.44,314.77,YT,0
2026_M1Q1S42_VAN_VGS,1,HP,Exposure,VAN,VGS,5,TJHALY,VGS,18,25,12.0,8.0,4.0,3104,43,4,6.0,7,1.66,291.77,YT,0
2026_M1Q1S42_VAN_VGS,1,HP,Exposure,VAN,VGS,6,ABE,VGS,26,24,8.0,16.0,3.0,3086,45,5,9.0,10,2.77,323.88,YT,0
2026_M1Q1S42_VAN_VGS,1,HP,Exposure,VAN,VGS,7,LUNARZ,VGS,20,24,5.0,14.0,4.0,2801,37,3,8.0,4,2.0,285.11,YT,0
2026_M1Q1S42_VAN_VGS,1,HP,Exposure,VAN,VGS,8,GWINN,VGS,18,25,11.0,12.0,3.0,2545,67,5,5.0,6,2.0,261.55,YT,0
